playerName,kicks W Mean,kicks FP,kicks Scalar,handballs W Mean,handballs FP,handballs Scalar,marks W Mean,marks FP,marks Scalar,tackles W Mean,tackles FP,tackles Scalar,freesFor W Mean,freesFor FP,freesFor Scalar,freesAgainst W Mean,freesAgainst FP,freesAgainst Scalar,goals W Mean,goals FP,goals Scalar,behinds W Mean,behinds FP,behinds Scalar,disposals W Mean,disposals Scalar,uncontestedPossessions W Mean,uncontestedPossessions Scalar,contestedPossessions W Mean,contestedPossessions Scalar,contestedMarks W Mean,contestedMarks Scalar,uncontestedMarks W Mean,uncontestedMarks Scalar,clearances.totalClearances W Mean,clearances.totalClearances Scalar,inside50s W Mean,inside50s Scalar,disposalEfficiency W Mean,disposalEfficiency Scalar,rebound50s W Mean,rebound50s Scalar,metresGained W Mean,metresGained Scalar,extendedStats.kickEfficiency W Mean,extendedStats.kickEfficiency Scalar,extendedStats.interceptMarks W Mean,extendedStats.interceptMarks Scalar,extendedStats.scoreLaunches W Mean,extendedStats.scoreLaunches Scalar,extendedStats.kickins W Mean,extendedStats.kickins Scalar,extendedStats.kickinsPlayon W Mean,extendedStats.kickinsPlayon Scalar,dreamTeamPoints W Mean,dreamTeamPoints Trend,dreamTeamPoints Scalar,dreamTeamPoints FP
Aaron Francis,6.23,18.69,-39.12,3.49,6.98,-35.55,4.62,13.86,-7.58,1.93,7.72,-4.41,1.09,1.09,65.91,0.1,-0.3,-84.76,0.02,0.12,-85.4,0.05,0.05,-60.94,9.72,-37.89,6.48,-33.46,3.28,-32.84,0.19,-66.49,4.43,-0.02,0.0,-100.0,0.56,-62.21,78.42,-1.47,2.51,-19.47,146.99,-44.43,85.14,12.04,0.77,-45.7,1.0,1.01,0.0,-100.0,0.0,-100.0,48.26,-5.06,-25.11,48.21
Aaron Hall,26.0,78.0,154.06,4.0,8.0,-26.13,12.0,36.0,140.05,4.0,16.0,98.12,1.0,1.0,52.21,1.0,-3.0,52.44,0.0,0.0,-100.0,0.0,0.0,-100.0,30.0,91.71,19.0,95.09,10.0,104.75,1.0,76.37,11.0,148.25,2.0,208.17,3.0,102.43,66.7,-16.19,8.0,156.66,444.0,67.85,61.5,-19.07,3.0,111.57,1.0,1.01,2.0,76.68,2.0,99.8,136.0,-0.0,111.06,136.0
Adam Saad,10.94,32.82,6.9,4.38,8.76,-19.11,3.29,9.87,-34.19,2.96,11.84,46.61,0.09,0.09,-86.3,0.94,-2.82,43.29,0.0,0.0,-100.0,0.0,0.0,-100.0,15.31,-2.17,7.94,-18.47,4.4,-9.91,0.1,-82.36,3.18,-28.23,0.97,49.46,1.25,-15.65,91.53,15.01,3.32,6.51,302.78,14.46,88.45,16.39,1.17,-17.49,1.97,98.99,3.82,237.46,2.88,187.71,60.55,-15.8,-6.03,60.56
Adam Tomlinson,10.36,31.08,1.23,4.25,8.5,-21.51,4.71,14.13,-5.78,1.64,6.56,-18.77,0.81,0.81,23.29,0.98,-2.94,49.39,0.0,0.0,-100.0,0.0,0.0,-100.0,14.6,-6.7,7.85,-19.4,5.09,4.22,0.92,62.26,3.79,-14.47,0.02,-96.92,0.45,-69.64,78.14,-1.82,4.21,35.07,277.55,4.92,74.63,-1.79,1.41,-0.56,1.11,12.12,1.32,16.61,1.11,10.89,58.11,0.25,-9.82,58.14
Aidan Corr,8.83,26.49,-13.72,5.39,10.78,-0.46,4.5,13.5,-9.98,1.72,6.88,-14.81,0.64,0.64,-2.59,1.32,-3.96,101.22,0.0,0.0,-100.0,0.0,0.0,-100.0,14.21,-9.2,8.72,-10.46,5.14,5.24,0.64,12.87,3.86,-12.89,0.25,-61.48,0.75,-49.39,84.59,6.29,3.65,17.1,203.18,-23.19,79.69,4.86,1.32,-6.91,0.36,-63.64,0.93,-17.84,0.68,-32.07,54.4,-4.46,-15.58,54.33
Aiden Bonar,6.0,18.0,-41.37,1.0,2.0,-81.53,3.0,9.0,-39.99,1.0,4.0,-50.47,0.0,0.0,-100.0,1.0,-3.0,52.44,0.0,0.0,-100.0,0.0,0.0,-100.0,7.0,-55.27,6.0,-38.39,1.0,-79.52,0.0,-100.0,3.0,-32.3,0.0,-100.0,0.0,-100.0,71.4,-10.29,5.0,60.41,259.0,-2.09,66.7,-12.23,1.0,-29.48,0.0,-100.0,1.0,-11.66,0.0,-100.0,30.0,-0.0,-53.44,30.0
Alex Cincotta,7.33,21.99,-28.38,12.33,24.66,127.7,4.33,12.99,-13.38,2.33,9.32,15.4,0.33,0.33,-49.77,0.67,-2.01,2.13,0.33,1.98,140.88,0.0,0.0,-100.0,19.67,25.69,15.67,60.9,4.67,-4.38,0.33,-41.8,4.0,-9.73,0.67,3.24,2.67,80.16,82.1,3.16,1.0,-67.92,243.0,-8.14,73.8,-2.89,0.67,-52.75,1.33,34.34,0.0,-100.0,0.0,-100.0,69.33,-0.0,7.59,69.26
Alex Keath,6.15,18.45,-39.91,5.2,10.4,-3.97,5.77,17.31,15.42,1.49,5.96,-26.2,0.52,0.52,-20.85,0.57,-1.71,-13.11,0.01,0.06,-92.7,0.0,0.0,-100.0,11.35,-27.47,8.1,-16.83,4.17,-14.62,0.08,-85.89,5.69,28.41,0.02,-96.92,0.51,-65.59,93.64,17.66,0.72,-76.9,64.14,-75.75,96.04,26.38,2.76,94.64,1.5,51.52,0.0,-100.0,0.0,-100.0,50.94,-2.01,-20.95,50.99
Alex Pearce,6.87,20.61,-32.87,5.61,11.22,3.6,4.91,14.73,-1.78,1.84,7.36,-8.87,1.3,1.3,97.87,0.87,-2.61,32.62,0.07,0.42,-48.91,0.0,0.0,-100.0,12.48,-20.25,6.83,-29.87,5.72,17.12,0.81,42.86,4.1,-7.47,0.17,-73.81,0.58,-60.86,83.85,5.36,2.7,-13.38,171.94,-35.0,82.55,8.63,2.88,103.1,1.37,38.38,0.07,-93.82,0.0,-100.0,53.01,5.57,-17.73,53.03
Alex Witherden,20.0,60.0,95.43,4.0,8.0,-26.13,4.0,12.0,-19.98,4.0,16.0,98.12,1.0,1.0,52.21,2.0,-6.0,204.88,0.0,0.0,-100.0,0.0,0.0,-100.0,24.0,53.36,12.0,23.22,6.0,22.85,0.0,-100.0,4.0,-9.73,0.0,-100.0,1.0,-32.52,95.8,20.37,6.0,92.49,583.0,120.4,95.0,25.01,0.0,-100.0,2.0,102.02,8.0,606.71,6.0,499.4,91.0,-0.0,41.22,91.0
Aliir Aliir,11.29,33.87,10.32,3.76,7.52,-30.56,6.99,20.97,39.83,1.41,5.64,-30.16,1.04,1.04,58.3,1.12,-3.36,70.73,0.0,0.0,-100.0,0.0,0.0,-100.0,15.03,-3.96,9.17,-5.84,5.65,15.68,1.27,123.99,5.73,29.32,0.16,-75.35,0.85,-42.65,77.38,-2.77,3.25,4.27,249.63,-5.63,78.36,3.11,2.93,106.63,0.91,-8.08,0.0,-100.0,0.0,-100.0,65.66,9.33,1.9,65.68
Andrew McGrath,14.86,44.58,45.2,8.29,16.58,53.09,7.43,22.29,48.63,2.71,10.84,34.22,0.14,0.14,-78.69,0.14,-0.42,-78.66,0.0,0.0,-100.0,0.0,0.0,-100.0,23.14,47.87,15.14,55.46,5.0,2.38,0.0,-100.0,7.43,67.68,0.0,-100.0,2.57,73.41,93.23,17.14,3.0,-3.75,355.57,34.42,91.2,20.01,0.0,-100.0,0.86,-13.13,3.0,165.02,3.0,199.7,94.0,15.34,45.88,94.01
Angus Dewar,7.0,21.0,-31.6,0.0,0.0,-100.0,2.0,6.0,-59.99,3.0,12.0,48.59,0.0,0.0,-100.0,0.0,-0.0,-100.0,0.0,0.0,-100.0,0.0,0.0,-100.0,7.0,-55.27,5.0,-48.66,2.0,-59.05,0.0,-100.0,2.0,-54.86,0.0,-100.0,0.0,-100.0,71.4,-10.29,3.0,-3.75,270.0,2.07,71.4,-6.04,0.0,-100.0,1.0,1.01,0.0,-100.0,0.0,-100.0,39.0,-0.0,-39.48,39.0
Atu Bosenavulagi,5.0,15.0,-51.14,1.0,2.0,-81.53,3.0,9.0,-39.99,5.0,20.0,147.65,0.0,0.0,-100.0,2.0,-6.0,204.88,0.0,0.0,-100.0,0.0,0.0,-100.0,6.0,-61.66,5.0,-48.66,1.0,-79.52,0.0,-100.0,3.0,-32.3,0.0,-100.0,1.0,-32.52,100.0,25.65,1.0,-67.92,97.0,-63.33,100.0,31.59,1.0,-29.48,0.0,-100.0,0.0,-100.0,0.0,-100.0,40.0,-0.0,-37.92,40.0
Bailey Scott,11.0,33.0,7.48,3.0,6.0,-44.6,1.0,3.0,-80.0,3.0,12.0,48.59,0.0,0.0,-100.0,0.0,-0.0,-100.0,0.0,0.0,-100.0,0.0,0.0,-100.0,14.0,-10.54,4.0,-58.93,4.0,-18.1,0.0,-100.0,1.0,-77.43,0.0,-100.0,0.0,-100.0,92.9,16.73,7.0,124.57,417.0,57.64,90.9,19.62,0.0,-100.0,1.0,1.01,4.0,253.36,4.0,299.6,54.0,-0.0,-16.2,54.0
Ben McKay,7.8,23.4,-23.78,6.14,12.28,13.39,6.01,18.03,20.22,1.58,6.32,-21.74,0.86,0.86,30.9,0.6,-1.8,-8.54,0.0,0.0,-100.0,0.0,0.0,-100.0,13.93,-10.98,7.87,-19.19,6.02,23.26,1.58,178.66,4.42,-0.25,0.06,-90.76,0.38,-74.36,86.97,9.28,1.55,-50.27,127.83,-51.68,82.85,9.02,3.55,150.35,1.17,18.18,0.02,-98.23,0.0,-100.0,59.25,2.65,-8.05,59.09
Ben Miller,8.89,26.67,-13.13,2.86,5.72,-47.18,5.45,16.35,9.02,1.53,6.12,-24.22,0.65,0.65,-1.07,0.74,-2.22,12.8,0.14,0.84,2.19,0.0,0.0,-100.0,11.75,-24.92,7.61,-21.86,2.88,-41.03,0.49,-13.58,4.96,11.94,0.0,-100.0,0.8,-46.02,82.35,3.47,4.25,36.35,254.74,-3.7,80.99,6.58,1.86,31.17,1.39,40.4,1.14,0.71,0.89,-11.09,54.18,-6.35,-15.92,54.13
Bigoa Nyuon,7.0,21.0,-31.6,4.0,8.0,-26.13,4.0,12.0,-19.98,3.0,12.0,48.59,0.0,0.0,-100.0,2.0,-6.0,204.88,0.0,0.0,-100.0,0.0,0.0,-100.0,11.0,-29.71,6.0,-38.39,2.0,-59.05,0.0,-100.0,4.0,-9.73,0.0,-100.0,0.0,-100.0,72.7,-8.65,3.0,-3.75,121.0,-54.26,71.4,-6.04,1.0,-29.48,0.0,-100.0,1.0,-11.66,1.0,-0.1,47.0,-0.0,-27.06,47.0
Billy Frampton,7.9,23.7,-22.81,2.66,5.32,-50.88,4.23,12.69,-15.38,1.37,5.48,-32.14,0.66,0.66,0.46,0.69,-2.07,5.18,0.0,0.0,-100.0,0.0,0.0,-100.0,10.56,-32.52,7.24,-25.66,3.51,-28.13,0.59,4.06,3.64,-17.85,0.07,-89.21,0.49,-66.94,70.07,-11.96,4.46,43.09,214.24,-19.01,65.69,-13.56,1.93,36.11,0.34,-65.66,0.39,-65.55,0.39,-61.04,46.81,-19.78,-27.36,45.78
Blake Drury,5.43,16.29,-46.94,6.71,13.42,23.92,3.14,9.42,-37.19,0.14,0.56,-93.07,0.29,0.29,-55.86,0.0,-0.0,-100.0,0.0,0.0,-100.0,0.14,0.14,9.38,12.14,-22.42,5.29,-45.68,5.86,19.98,0.0,-100.0,3.14,-29.14,0.14,-78.43,3.71,150.34,65.96,-17.12,1.0,-67.92,220.57,-16.62,77.5,1.98,0.0,-100.0,0.86,-13.13,0.0,-100.0,0.0,-100.0,40.14,-11.78,-37.71,40.12
Blake Hardwick,14.02,42.06,36.99,3.57,7.14,-34.07,6.84,20.52,36.83,1.87,7.48,-7.38,0.02,0.02,-96.96,0.07,-0.21,-89.33,0.0,0.0,-100.0,0.0,0.0,-100.0,17.59,12.4,13.56,39.23,3.3,-32.43,0.09,-84.13,6.75,52.34,0.08,-87.67,3.59,142.24,87.44,9.87,1.81,-41.93,287.92,8.84,84.74,11.51,1.91,34.7,0.11,-88.89,0.73,-35.51,0.58,-42.06,77.02,3.0,19.53,77.01
Blake Howes,8.0,24.0,-21.83,8.0,16.0,47.74,7.0,21.0,40.03,1.0,4.0,-50.47,1.0,1.0,52.21,0.0,-0.0,-100.0,0.0,0.0,-100.0,0.0,0.0,-100.0,16.0,2.24,12.0,23.22,5.0,2.38,0.0,-100.0,7.0,57.98,1.0,54.08,2.0,34.95,87.5,9.94,1.0,-67.92,130.0,-50.86,87.5,15.14,0.0,-100.0,1.0,1.01,0.0,-100.0,0.0,-100.0,66.0,-0.0,2.43,66.0
Bodhi Uwland,10.89,32.67,6.41,4.78,9.56,-11.73,5.56,16.68,11.22,2.11,8.44,4.51,0.89,0.89,35.46,0.33,-0.99,-49.7,0.0,0.0,-100.0,0.33,0.33,157.81,15.67,0.13,11.22,15.21,3.67,-24.86,0.67,18.17,4.89,10.36,0.22,-66.1,1.67,12.69,76.74,-3.58,4.67,49.82,342.56,29.5,77.4,1.85,1.78,25.53,0.67,-32.32,0.89,-21.38,0.89,-11.09,67.56,-0.0,4.85,67.58
Brady Hough,11.5,34.5,12.37,7.0,14.0,29.27,7.0,21.0,40.03,1.0,4.0,-50.47,1.0,1.0,52.21,0.5,-1.5,-23.78,0.0,0.0,-100.0,0.0,0.0,-100.0,18.5,18.22,13.5,38.62,5.0,2.38,0.5,-11.82,6.5,46.69,1.0,54.08,0.5,-66.26,83.2,4.54,4.0,28.33,227.0,-14.19,83.5,9.88,3.0,111.57,1.5,51.52,0.0,-100.0,0.0,-100.0,73.0,-0.0,13.29,73.0
Brandon Zerk-Thatcher,7.97,23.91,-22.12,3.3,6.6,-39.06,5.15,15.45,3.02,1.62,6.48,-19.76,1.03,1.03,56.77,0.31,-0.93,-52.74,0.0,0.0,-100.0,0.0,0.0,-100.0,11.27,-27.98,6.69,-31.31,4.13,-15.44,0.32,-43.56,4.84,9.23,0.17,-73.81,0.78,-47.37,73.63,-7.48,2.4,-23.0,143.95,-45.58,69.68,-8.31,1.19,-16.08,1.23,24.24,0.02,-98.23,0.02,-98.0,52.57,9.13,-18.42,52.54
Brayden Maynard,11.17,33.51,9.15,6.0,12.0,10.8,4.83,14.49,-3.38,4.17,16.68,106.54,1.0,1.0,52.21,0.83,-2.49,26.52,0.0,0.0,-100.0,0.0,0.0,-100.0,17.17,9.72,9.67,-0.71,7.17,46.81,0.33,-41.8,4.5,1.56,1.33,104.93,2.0,34.95,75.1,-5.64,3.17,1.7,346.17,30.86,76.23,0.31,1.5,5.78,1.0,1.01,0.67,-40.81,0.67,-33.07,75.17,-0.0,16.66,75.19
Brennan Cox,10.95,32.85,7.0,2.86,5.72,-47.18,7.29,21.87,45.83,1.43,5.72,-29.17,0.9,0.9,36.99,0.55,-1.65,-16.16,0.0,0.0,-100.0,0.0,0.0,-100.0,13.81,-11.75,8.38,-13.95,4.19,-14.21,1.5,164.55,5.79,30.67,0.48,-26.04,0.55,-62.89,78.57,-1.28,4.69,50.47,192.21,-27.34,82.73,8.87,3.29,132.02,1.4,41.41,0.71,-37.28,0.71,-29.07,65.4,2.32,1.49,65.41
Brodie Kemp,11.55,34.65,12.86,4.95,9.9,-8.59,8.41,25.23,68.23,1.69,6.76,-16.3,0.76,0.76,15.68,0.74,-2.22,12.8,0.0,0.0,-100.0,0.17,0.17,32.81,16.5,5.44,11.6,19.11,5.17,5.86,1.24,118.69,7.16,61.59,0.02,-96.92,0.85,-42.65,80.57,1.24,3.17,1.7,217.73,-17.69,78.7,3.56,3.0,111.57,0.6,-39.39,0.17,-84.98,0.17,-83.02,75.26,-0.2,16.8,75.25
Brodie Smith,15.5,46.5,51.46,4.5,9.0,-16.9,3.0,9.0,-39.99,1.5,6.0,-25.71,0.0,0.0,-100.0,0.0,-0.0,-100.0,0.0,0.0,-100.0,0.0,0.0,-100.0,20.0,27.8,9.5,-2.45,4.5,-7.86,0.0,-100.0,3.0,-32.3,0.5,-22.96,3.5,136.17,86.85,9.13,7.5,140.62,599.5,126.63,85.5,12.51,0.0,-100.0,0.5,-49.49,6.5,474.2,5.0,399.5,70.5,-0.0,9.41,70.5
Buku Khamis,7.6,22.8,-25.74,4.1,8.2,-24.28,5.8,17.4,16.02,0.9,3.6,-55.42,0.6,0.6,-8.68,0.6,-1.8,-8.54,0.1,0.6,-27.01,0.1,0.1,-21.88,11.7,-25.23,7.7,-20.94,3.9,-20.15,1.0,76.37,4.8,8.33,0.0,-100.0,0.5,-66.26,86.61,8.83,2.3,-26.21,142.7,-46.05,82.54,8.62,3.3,132.72,1.4,41.41,0.1,-91.17,0.1,-90.01,51.5,-0.0,-20.08,51.5
Caleb Daniel,9.0,27.0,-12.06,6.0,12.0,10.8,2.0,6.0,-59.99,2.0,8.0,-0.94,1.0,1.0,52.21,0.0,-0.0,-100.0,0.0,0.0,-100.0,1.0,1.0,681.25,15.0,-4.15,8.0,-17.86,6.0,22.85,0.0,-100.0,2.0,-54.86,1.0,54.08,2.0,34.95,73.3,-7.9,1.0,-67.92,203.0,-23.26,66.7,-12.23,0.0,-100.0,0.0,-100.0,0.0,-100.0,0.0,-100.0,55.0,-0.0,-14.65,55.0
Caleb Graham,7.0,21.0,-31.6,3.5,7.0,-35.36,4.5,13.5,-9.98,1.5,6.0,-25.71,1.0,1.0,52.21,0.0,-0.0,-100.0,0.0,0.0,-100.0,0.0,0.0,-100.0,10.5,-32.9,6.5,-33.26,3.0,-38.57,0.5,-11.82,4.0,-9.73,0.5,-22.96,0.5,-66.26,90.45,13.65,3.0,-3.75,114.0,-56.9,85.7,12.77,1.5,5.78,0.5,-49.49,0.0,-100.0,0.0,-100.0,48.5,-0.0,-24.73,48.5
Caleb Marchbank,5.6,16.8,-45.28,4.14,8.28,-23.55,2.6,7.8,-47.99,0.4,1.6,-80.19,0.93,0.93,41.55,0.35,-1.05,-46.65,0.0,0.0,-100.0,0.0,0.0,-100.0,9.74,-37.76,6.86,-29.56,3.93,-19.53,0.0,-100.0,2.6,-41.32,0.84,29.43,1.09,-26.45,76.17,-4.29,1.0,-67.92,134.35,-49.21,76.43,0.58,0.3,-78.84,1.07,8.08,0.0,-100.0,0.0,-100.0,34.37,-17.84,-46.66,34.36
Callum M. Brown,3.0,9.0,-70.69,4.0,8.0,-26.13,2.0,6.0,-59.99,0.0,0.0,-100.0,1.0,1.0,52.21,0.0,-0.0,-100.0,1.0,6.0,629.93,1.0,1.0,681.25,7.0,-55.27,4.0,-58.93,4.0,-18.1,1.0,76.37,1.0,-77.43,0.0,-100.0,0.0,-100.0,71.4,-10.29,0.0,-100.0,89.0,-66.35,66.7,-12.23,0.0,-100.0,0.0,-100.0,0.0,-100.0,0.0,-100.0,31.0,-0.0,-51.89,31.0
Callum Wilkie,13.28,39.84,29.76,10.9,21.8,101.29,6.07,18.21,21.42,0.2,0.8,-90.09,0.93,0.93,41.55,0.07,-0.21,-89.33,0.0,0.0,-100.0,0.0,0.0,-100.0,24.19,54.58,14.84,52.38,10.22,109.25,1.85,226.28,4.21,-4.99,0.84,29.43,0.87,-41.3,91.61,15.11,5.05,62.01,263.04,-0.56,92.11,21.21,2.93,106.63,0.93,-6.06,0.03,-97.35,0.03,-97.0,81.4,-4.24,26.32,81.37
Charlie Ballard,9.19,27.57,-10.2,3.74,7.48,-30.93,5.82,17.46,16.42,1.19,4.76,-41.06,0.65,0.65,-1.07,0.46,-1.38,-29.88,0.01,0.06,-92.7,0.0,0.0,-100.0,12.93,-17.37,7.56,-22.37,4.85,-0.7,1.32,132.8,4.51,1.78,0.26,-59.94,0.58,-60.86,80.95,1.71,2.99,-4.07,177.84,-32.77,80.79,6.31,3.08,117.21,1.11,12.12,0.0,-100.0,0.0,-100.0,56.66,-5.08,-12.07,56.6
Charlie Comben,9.55,28.65,-6.68,5.27,10.54,-2.68,7.0,21.0,40.03,1.18,4.72,-41.56,1.0,1.0,52.21,0.73,-2.19,11.28,0.27,1.62,97.08,0.09,0.09,-29.69,14.82,-5.3,8.64,-11.28,5.91,21.01,1.36,139.86,5.64,27.29,0.09,-86.13,0.55,-62.89,81.65,2.59,3.27,4.91,182.64,-30.96,81.01,6.6,3.27,130.61,0.64,-35.35,0.09,-92.05,0.09,-91.01,65.45,-0.0,1.57,65.43
Connor Budarick,16.0,48.0,56.34,3.0,6.0,-44.6,6.0,18.0,20.02,3.0,12.0,48.59,2.0,2.0,204.41,1.0,-3.0,52.44,0.0,0.0,-100.0,0.0,0.0,-100.0,19.0,21.41,12.0,23.22,4.0,-18.1,0.0,-100.0,6.0,35.41,1.0,54.08,1.0,-32.52,84.2,5.8,5.0,60.41,306.0,15.68,81.3,6.98,0.0,-100.0,0.0,-100.0,3.0,165.02,2.0,99.8,83.0,-0.0,28.81,83.0
Connor Idun,9.0,27.0,-12.06,11.67,23.34,115.51,6.0,18.0,20.02,0.67,2.68,-66.82,0.67,0.67,1.98,0.33,-0.99,-49.7,0.0,0.0,-100.0,0.0,0.0,-100.0,20.67,32.09,14.33,47.14,6.67,36.57,0.0,-100.0,6.0,35.41,0.0,-100.0,0.33,-77.73,87.13,9.48,2.0,-35.84,129.33,-51.11,87.53,15.18,0.33,-76.73,1.67,68.69,0.33,-70.85,0.33,-67.03,70.67,-0.0,9.67,70.7
Conor Nash,9.0,27.0,-12.06,8.0,16.0,47.74,4.0,12.0,-19.98,4.0,16.0,98.12,1.0,1.0,52.21,1.0,-3.0,52.44,0.0,0.0,-100.0,0.0,0.0,-100.0,17.0,8.63,9.0,-7.59,9.0,84.28,0.0,-100.0,4.0,-9.73,5.0,670.42,2.0,34.95,70.6,-11.29,4.0,28.33,351.0,32.69,44.4,-41.57,1.0,-29.48,2.0,102.02,0.0,-100.0,0.0,-100.0,69.0,-0.0,7.08,69.0
Cooper Sharman,6.0,18.0,-41.37,6.0,12.0,10.8,5.0,15.0,0.02,1.0,4.0,-50.47,0.0,0.0,-100.0,0.0,-0.0,-100.0,0.0,0.0,-100.0,0.0,0.0,-100.0,12.0,-23.32,7.0,-28.12,5.0,2.38,1.0,76.37,4.0,-9.73,0.0,-100.0,2.0,34.95,83.3,4.67,1.0,-67.92,104.0,-60.68,83.3,9.62,1.0,-29.48,0.0,-100.0,0.0,-100.0,0.0,-100.0,51.0,-0.0,-20.85,49.0
Dan Butler,11.0,33.0,7.48,4.0,8.0,-26.13,2.0,6.0,-59.99,5.0,20.0,147.65,3.0,3.0,356.62,0.0,-0.0,-100.0,2.0,12.0,1359.85,1.0,1.0,681.25,15.0,-4.15,7.0,-28.12,7.0,43.33,0.0,-100.0,2.0,-54.86,0.0,-100.0,2.0,34.95,73.3,-7.9,0.0,-100.0,168.0,-36.49,63.6,-16.31,0.0,-100.0,3.0,203.03,0.0,-100.0,0.0,-100.0,83.0,-0.0,28.81,83.0
Dan Houston,16.07,48.21,57.03,7.84,15.68,44.78,5.24,15.72,4.82,3.17,12.68,57.01,0.9,0.9,36.99,0.73,-2.19,11.28,0.37,2.22,170.07,0.23,0.23,79.69,23.91,52.79,13.85,42.21,6.9,41.28,0.56,-1.23,4.69,5.85,1.91,194.3,3.41,130.09,82.02,3.06,4.19,34.42,472.18,78.5,81.95,7.84,1.54,8.6,2.03,105.05,2.98,163.25,2.81,180.72,93.47,-8.04,45.06,93.45
Dane Rampe,12.37,37.11,20.87,6.07,12.14,12.1,5.72,17.16,14.42,0.41,1.64,-79.69,0.49,0.49,-25.42,0.13,-0.39,-80.18,0.0,0.0,-100.0,0.0,0.0,-100.0,18.43,17.77,12.63,29.68,5.76,17.94,0.43,-24.16,5.28,19.16,0.04,-93.84,1.45,-2.16,77.93,-2.08,5.12,64.26,376.29,42.25,75.18,-1.07,1.45,2.26,1.45,46.46,0.01,-99.12,0.01,-99.0,68.12,12.41,5.72,68.15
Daniel McKenzie,14.0,42.0,36.8,5.0,10.0,-7.66,3.5,10.5,-29.99,1.0,4.0,-50.47,0.0,0.0,-100.0,0.5,-1.5,-23.78,0.5,3.0,264.96,0.5,0.5,290.62,19.0,21.41,9.0,-7.59,8.5,74.04,0.5,-11.82,3.0,-32.3,2.0,208.17,3.5,136.17,65.8,-17.32,4.0,28.33,426.5,61.23,56.25,-25.98,1.0,-29.48,3.0,203.03,0.0,-100.0,0.0,-100.0,68.5,-0.0,6.31,68.5
Daniel Rich,18.8,56.4,83.7,5.47,10.94,1.02,4.87,14.61,-2.58,1.67,6.68,-17.29,0.53,0.53,-19.33,0.67,-2.01,2.13,0.07,0.42,-48.91,0.13,0.13,1.56,24.27,55.09,13.47,38.31,4.53,-7.25,0.2,-64.73,4.67,5.39,0.93,43.3,3.53,138.19,84.87,6.64,6.47,107.57,583.27,120.5,83.28,9.59,0.93,-34.41,1.6,61.62,6.53,476.86,6.2,519.38,87.67,-0.0,36.06,87.7
Daniel Rioli,12.19,36.57,19.11,10.42,20.84,92.43,3.33,9.99,-33.39,3.2,12.8,58.49,0.42,0.42,-36.07,0.63,-1.89,-3.96,0.27,1.62,97.08,0.08,0.08,-37.5,22.61,44.48,15.42,58.33,6.15,25.92,0.02,-96.47,3.31,-25.3,0.84,29.43,2.28,53.85,76.79,-3.51,3.67,17.74,372.08,40.66,67.33,-11.4,0.36,-74.61,0.99,-0.0,1.2,6.01,1.2,19.88,80.51,21.49,24.94,80.43
Darcy Byrne-Jones,12.1,36.3,18.23,8.13,16.26,50.14,5.72,17.16,14.42,1.3,5.2,-35.61,0.06,0.06,-90.87,0.92,-2.76,40.24,0.0,0.0,-100.0,0.0,0.0,-100.0,20.23,29.27,14.82,52.17,5.43,11.18,0.02,-96.47,5.7,28.64,0.53,-18.34,2.14,44.4,77.2,-3.0,2.27,-27.17,260.96,-1.35,67.19,-11.58,0.14,-90.13,1.02,3.03,0.04,-96.47,0.0,-100.0,72.23,-5.11,12.09,72.22
Darcy Gardiner,5.5,16.5,-46.26,1.5,3.0,-72.3,2.0,6.0,-59.99,3.5,14.0,73.35,1.5,1.5,128.31,0.5,-1.5,-23.78,0.0,0.0,-100.0,0.0,0.0,-100.0,7.0,-55.27,2.0,-79.46,5.0,2.38,0.5,-11.82,1.5,-66.15,0.5,-22.96,1.5,1.21,70.85,-10.98,0.5,-83.96,118.5,-55.2,63.35,-16.64,1.0,-29.48,0.5,-49.49,0.5,-55.83,0.5,-50.05,39.5,-0.0,-38.7,39.5
Darcy Macpherson,14.75,44.25,44.13,6.25,12.5,15.42,5.75,17.25,15.02,2.25,9.0,11.44,1.5,1.5,128.31,0.75,-2.25,14.33,0.0,0.0,-100.0,0.0,0.0,-100.0,21.0,34.19,13.5,38.62,6.25,27.97,0.25,-55.91,5.5,24.13,1.5,131.12,1.0,-32.52,76.1,-4.38,3.75,20.31,268.0,1.31,74.72,-1.68,1.0,-29.48,0.75,-24.24,0.75,-33.75,0.75,-25.07,82.25,-0.0,27.64,82.25
Darcy Moore,7.77,23.31,-24.08,5.33,10.66,-1.57,4.25,12.75,-14.98,1.35,5.4,-33.14,0.22,0.22,-66.51,0.91,-2.73,38.72,0.0,0.0,-100.0,0.01,0.01,-92.19,13.11,-16.22,5.32,-45.37,5.04,3.19,1.07,88.71,3.18,-28.23,0.13,-79.97,0.77,-48.04,87.73,10.23,3.54,13.57,227.97,-13.82,87.56,15.22,2.47,74.19,1.54,55.56,2.4,112.01,2.38,137.76,49.7,-12.11,-22.87,49.62
Darcy Tucker,8.86,26.58,-13.43,5.71,11.42,5.45,1.86,5.58,-62.79,2.71,10.84,34.22,0.86,0.86,30.9,0.14,-0.42,-78.66,0.14,0.84,2.19,0.0,0.0,-100.0,14.57,-6.9,11.29,15.93,1.71,-64.99,0.0,-100.0,1.86,-58.02,0.29,-55.32,3.0,102.43,77.23,-2.96,2.14,-31.34,370.71,40.14,65.81,-13.4,0.14,-90.13,0.0,-100.0,0.86,-24.03,0.86,-14.09,55.71,-20.41,-13.54,55.7
Darragh Joyce,11.0,33.0,7.48,3.0,6.0,-44.6,5.33,15.99,6.62,0.0,0.0,-100.0,0.67,0.67,1.98,0.33,-0.99,-49.7,0.0,0.0,-100.0,0.0,0.0,-100.0,14.0,-10.54,8.67,-10.98,4.0,-18.1,1.67,194.53,3.67,-17.17,0.0,-100.0,0.67,-54.79,61.67,-22.51,3.67,17.74,230.0,-13.05,66.63,-12.32,1.67,17.77,1.0,1.01,0.0,-100.0,0.0,-100.0,54.67,-0.0,-15.16,54.67
David Swallow,12.0,36.0,17.26,4.0,8.0,-26.13,6.0,18.0,20.02,1.0,4.0,-50.47,0.0,0.0,-100.0,2.0,-6.0,204.88,0.0,0.0,-100.0,0.0,0.0,-100.0,16.0,2.24,11.0,12.95,4.0,-18.1,1.0,76.37,5.0,12.84,0.0,-100.0,5.0,237.38,62.5,-21.47,2.0,-35.84,347.0,31.18,75.0,-1.31,1.0,-29.48,0.0,-100.0,0.0,-100.0,0.0,-100.0,60.0,-0.0,-6.89,60.0
Dougal Howard,8.7,26.1,-14.99,4.11,8.22,-24.1,6.95,20.85,39.03,0.77,3.08,-61.86,0.64,0.64,-2.59,0.79,-2.37,20.43,0.0,0.0,-100.0,0.01,0.01,-92.19,12.81,-18.14,9.09,-6.66,3.7,-24.24,0.78,37.57,6.16,39.02,0.16,-75.35,0.43,-70.99,86.06,8.13,2.61,-16.27,153.68,-41.9,85.68,12.75,1.85,30.47,0.73,-26.26,0.23,-79.68,0.14,-86.01,56.5,6.7,-12.32,56.53
Dylan Grimes,5.22,15.66,-48.99,4.65,9.3,-14.13,2.93,8.79,-41.39,1.23,4.92,-39.08,0.2,0.2,-69.56,1.82,-5.46,177.44,0.0,0.0,-100.0,0.0,0.0,-100.0,9.87,-36.93,6.49,-33.36,2.45,-49.84,0.08,-85.89,2.85,-35.68,0.02,-96.92,0.1,-93.25,96.08,20.72,0.3,-90.38,46.96,-82.25,94.92,24.91,1.08,-23.84,1.79,80.81,0.04,-96.47,0.03,-97.0,33.41,-13.96,-48.15,33.41
Dyson Heppell,12.97,38.91,26.73,8.2,16.4,51.43,7.69,23.07,53.83,0.26,1.04,-87.12,0.2,0.2,-69.56,0.17,-0.51,-74.09,0.0,0.0,-100.0,0.0,0.0,-100.0,21.17,35.28,15.37,57.82,4.94,1.15,0.03,-94.71,7.66,72.87,0.06,-90.76,1.23,-17.0,84.44,6.1,4.74,52.07,333.89,26.22,82.78,8.93,1.0,-29.48,0.11,-88.89,1.86,64.31,0.97,-3.1,79.09,-0.26,22.74,79.11
Eddie Ford,8.0,24.0,-21.83,13.0,26.0,140.07,4.0,12.0,-19.98,3.0,12.0,48.59,1.0,1.0,52.21,1.0,-3.0,52.44,1.0,6.0,629.93,0.0,0.0,-100.0,21.0,34.19,14.0,43.75,7.0,43.33,0.0,-100.0,4.0,-9.73,1.0,54.08,5.0,237.38,85.7,7.68,3.0,-3.75,319.0,20.59,87.5,15.14,0.0,-100.0,1.0,1.01,0.0,-100.0,0.0,-100.0,78.0,-0.0,21.05,78.0
Elliot Yeo,11.57,34.71,13.05,3.29,6.58,-39.24,5.29,15.87,5.82,2.57,10.28,27.29,0.86,0.86,30.9,0.0,-0.0,-100.0,0.0,0.0,-100.0,0.0,0.0,-100.0,14.86,-5.04,8.14,-16.42,4.0,-18.1,0.86,51.68,4.43,-0.02,0.0,-100.0,0.0,-100.0,92.21,15.86,4.86,55.92,320.0,20.97,89.71,18.05,1.86,31.17,2.57,159.6,3.71,227.74,2.86,185.71,68.29,20.87,5.98,68.3
Emerson Jeka,12.0,36.0,17.26,4.0,8.0,-26.13,7.0,21.0,40.03,0.0,0.0,-100.0,0.0,0.0,-100.0,1.0,-3.0,52.44,0.0,0.0,-100.0,0.0,0.0,-100.0,16.0,2.24,12.0,23.22,4.0,-18.1,2.0,252.73,5.0,12.84,0.0,-100.0,1.0,-32.52,68.8,-13.55,3.0,-3.75,267.0,0.94,58.3,-23.28,3.0,111.57,0.0,-100.0,0.0,-100.0,0.0,-100.0,62.0,-0.0,-3.78,62.0
Esava Ratugolea,7.31,21.93,-28.57,3.06,6.12,-43.49,5.95,17.85,19.02,2.84,11.36,40.66,0.97,0.97,47.64,0.65,-1.95,-0.91,0.0,0.0,-100.0,0.0,0.0,-100.0,10.38,-33.67,4.52,-53.59,5.81,18.96,2.54,347.97,3.41,-23.04,0.3,-53.78,0.39,-73.68,90.68,13.94,2.06,-33.91,123.3,-53.39,87.34,14.93,3.62,155.29,1.54,55.56,0.0,-100.0,0.0,-100.0,56.35,2.98,-12.55,56.28
Ethan Hughes,7.0,21.0,-31.6,4.0,8.0,-26.13,5.0,15.0,0.02,3.0,12.0,48.59,0.5,0.5,-23.9,0.5,-1.5,-23.78,0.0,0.0,-100.0,0.0,0.0,-100.0,11.0,-29.71,8.5,-12.72,3.5,-28.34,0.5,-11.82,4.5,1.56,0.5,-22.96,1.0,-32.52,82.5,3.66,1.0,-67.92,167.5,-36.68,73.35,-3.48,0.5,-64.74,0.0,-100.0,0.0,-100.0,0.0,-100.0,55.0,-0.0,-14.65,55.0
Ethan Phillips,6.0,18.0,-41.37,4.0,8.0,-26.13,3.0,9.0,-39.99,1.0,4.0,-50.47,0.0,0.0,-100.0,0.0,-0.0,-100.0,0.0,0.0,-100.0,0.0,0.0,-100.0,10.0,-36.1,6.0,-38.39,4.0,-18.1,0.0,-100.0,3.0,-32.3,0.0,-100.0,0.0,-100.0,100.0,25.65,1.0,-67.92,44.0,-83.37,100.0,31.59,3.0,111.57,1.0,1.01,0.0,-100.0,0.0,-100.0,39.0,-0.0,-39.48,39.0
George Wardlaw,12.0,36.0,17.26,4.0,8.0,-26.13,4.0,12.0,-19.98,3.0,12.0,48.59,3.0,3.0,356.62,1.0,-3.0,52.44,0.0,0.0,-100.0,0.0,0.0,-100.0,16.0,2.24,11.0,12.95,5.0,2.38,0.0,-100.0,4.0,-9.73,3.0,362.25,2.0,34.95,56.3,-29.26,1.0,-67.92,253.0,-4.36,58.3,-23.28,0.0,-100.0,0.0,-100.0,0.0,-100.0,0.0,-100.0,68.0,-0.0,5.53,68.0
Griffin Logue,8.09,24.27,-20.95,6.15,12.3,13.57,5.91,17.73,18.22,1.29,5.16,-36.11,0.38,0.38,-42.16,0.57,-1.71,-13.11,0.0,0.0,-100.0,0.0,0.0,-100.0,14.24,-9.0,9.33,-4.2,5.09,4.22,1.19,109.88,4.71,6.3,0.09,-86.13,0.28,-81.11,79.32,-0.33,4.0,28.33,133.43,-49.56,81.43,7.15,3.29,132.02,0.67,-32.32,0.09,-92.05,0.0,-100.0,58.1,-12.49,-9.83,58.13
Harris Andrews,9.99,29.97,-2.38,3.69,7.38,-31.86,7.75,23.25,55.03,1.4,5.6,-30.66,0.82,0.82,24.81,0.79,-2.37,20.43,0.01,0.06,-92.7,0.0,0.0,-100.0,13.68,-12.58,8.61,-11.59,4.89,0.12,1.96,245.68,5.79,30.67,0.1,-84.59,0.46,-68.96,88.67,11.41,2.99,-4.07,173.62,-34.37,88.74,16.77,3.84,170.8,1.48,49.49,0.26,-77.03,0.14,-86.01,64.68,-0.49,0.38,64.71
Harrison Petty,6.05,18.15,-40.88,4.39,8.78,-18.93,4.2,12.6,-15.98,2.19,8.76,8.47,0.65,0.65,-1.07,1.24,-3.72,89.02,0.64,3.84,367.15,0.0,0.0,-100.0,10.44,-33.29,6.23,-36.03,4.2,-14.0,0.62,9.35,3.58,-19.21,0.25,-61.48,1.18,-20.38,82.19,3.27,1.39,-55.41,174.64,-33.98,69.0,-9.2,0.56,-60.51,1.24,25.25,0.01,-99.12,0.0,-100.0,49.74,6.77,-22.81,49.06
Harry Cunningham,9.03,27.09,-11.76,4.63,9.26,-14.5,4.74,14.22,-5.18,1.76,7.04,-12.83,0.0,0.0,-100.0,0.73,-2.19,11.28,0.0,0.0,-100.0,0.0,0.0,-100.0,13.66,-12.71,9.51,-2.35,3.56,-27.11,0.51,-10.05,4.23,-4.54,0.63,-2.93,0.51,-65.59,79.33,-0.32,2.6,-16.59,176.27,-33.36,70.85,-6.77,1.51,6.49,1.03,4.04,0.0,-100.0,0.0,-100.0,55.41,9.83,-14.01,55.42
Harry Edwards,7.73,23.19,-24.47,2.55,5.1,-52.91,5.8,17.4,16.02,0.79,3.16,-60.87,0.92,0.92,40.03,0.53,-1.59,-19.21,0.0,0.0,-100.0,0.0,0.0,-100.0,10.28,-34.31,6.86,-29.56,3.25,-33.46,1.42,150.44,4.38,-1.15,0.03,-95.38,0.25,-83.13,85.17,7.02,3.9,25.12,185.44,-29.9,82.31,8.31,3.73,163.05,0.06,-93.94,0.0,-100.0,0.0,-100.0,48.16,-0.79,-25.26,48.18
Harry Himmelberg,12.48,37.44,21.95,6.76,13.52,24.84,3.53,10.59,-29.39,2.38,9.52,17.88,0.12,0.12,-81.74,1.01,-3.03,53.96,0.04,0.24,-70.8,0.0,0.0,-100.0,19.24,22.95,8.7,-10.67,5.44,11.38,0.53,-6.53,3.0,-32.3,0.5,-22.96,0.72,-51.42,85.27,7.14,5.33,71.0,365.2,38.06,81.15,6.79,1.16,-18.19,2.67,169.7,4.37,286.04,4.35,334.57,68.36,-13.3,6.09,68.4
Harry Sheezel,13.85,41.55,35.33,14.21,28.42,162.42,4.94,14.82,-1.18,3.8,15.2,88.21,0.55,0.55,-16.29,0.82,-2.46,25.0,0.8,4.8,483.94,0.09,0.09,-29.69,28.06,79.31,17.0,74.56,10.54,115.81,0.28,-50.62,4.67,5.39,4.03,520.96,3.86,160.46,73.17,-8.06,2.16,-30.7,371.61,40.48,65.8,-13.41,0.34,-76.02,1.58,59.6,0.67,-40.81,0.64,-36.06,102.94,6.62,59.75,102.97
Heath Chapman,9.0,27.0,-12.06,6.67,13.34,23.18,4.5,13.5,-9.98,1.83,7.32,-9.36,0.33,0.33,-49.77,0.5,-1.5,-23.78,0.0,0.0,-100.0,0.0,0.0,-100.0,15.67,0.13,10.83,11.2,4.83,-1.11,0.17,-70.02,4.33,-2.28,0.33,-49.15,1.0,-32.52,75.93,-4.59,4.0,28.33,271.83,2.76,62.58,-17.65,0.67,-52.75,0.5,-49.49,0.0,-100.0,0.0,-100.0,60.0,-0.0,-6.89,59.99
Hugh Greenwood,5.0,15.0,-51.14,7.0,14.0,29.27,1.0,3.0,-80.0,7.0,28.0,246.71,0.0,0.0,-100.0,1.0,-3.0,52.44,1.0,6.0,629.93,1.0,1.0,681.25,12.0,-23.32,4.0,-58.93,9.0,84.28,1.0,76.37,0.0,-100.0,4.0,516.33,0.0,-100.0,75.0,-5.76,0.0,-100.0,67.0,-74.67,40.0,-47.36,0.0,-100.0,2.0,102.02,0.0,-100.0,0.0,-100.0,68.0,-0.0,5.53,64.0
Isaac Quaynor,8.89,26.67,-13.13,5.6,11.2,3.42,3.46,10.38,-30.79,1.94,7.76,-3.91,0.85,0.85,29.38,0.83,-2.49,26.52,0.03,0.18,-78.1,0.03,0.03,-76.56,14.49,-7.41,9.46,-2.86,5.55,13.64,0.2,-64.73,3.25,-26.65,0.23,-64.56,2.23,50.47,77.85,-2.18,3.28,5.23,280.4,6.0,73.59,-3.16,1.06,-25.25,1.46,47.47,0.34,-69.96,0.2,-80.02,54.57,-0.33,-15.31,54.58
Jack Buckley,8.94,26.82,-12.64,5.2,10.4,-3.97,5.83,17.49,16.62,2.11,8.44,4.51,0.83,0.83,26.33,0.84,-2.52,28.05,0.04,0.24,-70.8,0.0,0.0,-100.0,14.14,-9.64,9.11,-6.46,5.0,2.38,0.94,65.78,4.89,10.36,0.09,-86.13,0.79,-46.69,83.38,4.77,2.96,-5.04,236.91,-10.44,80.26,5.61,2.4,69.25,1.1,11.11,0.04,-96.47,0.0,-100.0,61.73,1.53,-4.2,61.7
Jack Hayes,5.0,15.0,-51.14,11.0,22.0,103.14,5.0,15.0,0.02,2.0,8.0,-0.94,2.0,2.0,204.41,1.0,-3.0,52.44,1.0,6.0,629.93,0.0,0.0,-100.0,16.0,2.24,5.0,-48.66,11.0,125.23,1.0,76.37,4.0,-9.73,3.0,362.25,0.0,-100.0,81.3,2.15,1.0,-67.92,103.0,-61.06,80.0,5.27,2.0,41.04,1.0,1.01,0.0,-100.0,0.0,-100.0,70.0,-0.0,8.63,65.0
Jack Henry,7.86,23.58,-23.2,3.31,6.62,-38.87,5.21,15.63,4.22,1.63,6.52,-19.27,0.47,0.47,-28.46,0.31,-0.93,-52.74,0.11,0.66,-19.71,0.0,0.0,-100.0,11.18,-28.56,6.21,-36.24,4.81,-1.52,1.42,150.44,3.79,-14.47,0.33,-49.15,0.45,-69.64,82.48,3.64,2.5,-19.79,161.84,-38.82,80.78,6.3,2.45,72.78,0.69,-30.3,0.0,-100.0,0.0,-100.0,52.54,-1.3,-18.46,52.55
Jack Payne,9.22,27.66,-9.91,2.19,4.38,-59.56,6.86,20.58,37.23,1.41,5.64,-30.16,0.36,0.36,-45.21,0.52,-1.56,-20.73,0.0,0.0,-100.0,0.01,0.01,-92.19,11.41,-27.09,7.65,-21.45,3.95,-19.12,1.17,106.35,5.69,28.41,0.07,-89.21,0.61,-58.84,84.06,5.62,2.92,-6.32,164.41,-37.85,84.82,11.62,2.91,105.22,1.02,3.03,0.04,-96.47,0.02,-98.0,57.21,3.75,-11.22,57.07
Jack Scrimshaw,10.81,32.43,5.63,9.09,18.18,67.87,3.39,10.17,-32.19,0.39,1.56,-80.68,0.08,0.08,-87.82,0.22,-0.66,-66.46,0.0,0.0,-100.0,0.01,0.01,-92.19,19.9,27.16,12.09,24.14,5.89,20.6,0.11,-80.6,3.28,-25.98,0.09,-86.13,1.85,24.83,93.31,17.24,3.84,23.2,295.04,11.54,88.68,16.69,0.96,-32.3,0.95,-4.04,2.81,148.23,1.9,89.81,61.75,-7.53,-4.17,61.77
Jack Sinclair,17.63,52.89,72.27,8.81,17.62,62.7,5.26,15.78,5.22,3.05,12.2,51.06,0.65,0.65,-1.07,0.26,-0.78,-60.37,0.34,2.04,148.18,0.23,0.23,79.69,26.43,68.89,16.5,69.42,7.37,50.9,0.1,-82.36,5.16,16.45,2.68,312.94,3.58,141.57,76.27,-4.17,3.62,16.14,454.18,71.7,73.21,-3.66,0.65,-54.16,1.44,45.45,2.99,164.13,2.71,170.73,100.59,-1.58,56.11,100.63
Jack Ziebell,22.29,66.87,117.8,4.14,8.28,-23.55,9.71,29.13,94.24,2.0,8.0,-0.94,0.14,0.14,-78.69,0.29,-0.87,-55.79,0.0,0.0,-100.0,0.0,0.0,-100.0,26.43,68.89,18.43,89.24,0.57,-88.33,0.14,-75.31,9.57,115.98,0.0,-100.0,3.86,160.46,94.29,18.48,5.71,83.19,641.29,142.43,93.17,22.6,0.29,-79.55,1.86,87.88,4.86,329.33,4.71,370.53,111.57,-5.45,73.15,111.55
Jacob Blight,12.0,36.0,17.26,0.0,0.0,-100.0,8.0,24.0,60.03,3.0,12.0,48.59,0.0,0.0,-100.0,0.0,-0.0,-100.0,0.0,0.0,-100.0,0.0,0.0,-100.0,12.0,-23.32,10.0,2.68,0.0,-100.0,0.0,-100.0,8.0,80.55,0.0,-100.0,0.0,-100.0,75.0,-5.76,7.0,124.57,359.0,35.71,75.0,-1.31,2.0,41.04,0.0,-100.0,0.0,-100.0,0.0,-100.0,72.0,-0.0,11.74,72.0
Jacob Koschitzke,9.0,27.0,-12.06,7.0,14.0,29.27,8.0,24.0,60.03,2.0,8.0,-0.94,1.0,1.0,52.21,0.0,-0.0,-100.0,1.0,6.0,629.93,2.0,2.0,1462.5,16.0,2.24,7.0,-28.12,10.0,104.75,5.0,781.83,3.0,-32.3,1.0,54.08,1.0,-32.52,75.0,-5.76,0.0,-100.0,86.0,-67.49,66.7,-12.23,0.0,-100.0,2.0,102.02,0.0,-100.0,0.0,-100.0,83.0,-0.0,28.81,82.0
Jacob Weitering,10.9,32.7,6.51,3.29,6.58,-39.24,6.17,18.51,23.42,1.21,4.84,-40.07,0.64,0.64,-2.59,0.65,-1.95,-0.91,0.0,0.0,-100.0,0.0,0.0,-100.0,14.19,-9.32,8.05,-17.34,5.82,19.16,1.37,141.62,4.8,8.33,0.21,-67.64,0.13,-91.23,76.99,-3.26,4.63,48.54,215.26,-18.62,74.84,-1.52,2.99,110.86,0.95,-4.04,0.07,-93.82,0.0,-100.0,61.47,-8.85,-4.6,61.32
Jaidyn Stephenson,19.0,57.0,85.66,12.0,24.0,121.61,8.0,24.0,60.03,3.0,12.0,48.59,0.0,0.0,-100.0,1.0,-3.0,52.44,0.0,0.0,-100.0,0.0,0.0,-100.0,31.0,98.1,20.0,105.36,3.0,-38.57,0.0,-100.0,8.0,80.55,0.0,-100.0,0.0,-100.0,80.6,1.27,6.0,92.49,503.0,90.15,78.9,3.83,1.0,-29.48,0.0,-100.0,9.0,695.05,9.0,799.1,114.0,-0.0,76.92,114.0
Jake Kelly,5.59,16.77,-45.38,4.18,8.36,-22.81,3.41,10.23,-31.79,3.57,14.28,76.82,0.05,0.05,-92.39,1.02,-3.06,55.49,0.02,0.12,-85.4,0.0,0.0,-100.0,9.77,-37.57,9.16,-5.95,3.07,-37.14,0.02,-96.47,3.39,-23.49,0.02,-96.92,0.14,-90.55,79.22,-0.46,2.14,-31.34,116.29,-56.04,81.91,7.79,0.07,-95.06,0.11,-88.89,0.02,-98.23,0.02,-98.0,46.75,-8.56,-27.45,46.75
Jake Kolodjashnij,8.0,24.0,-21.83,4.0,8.0,-26.13,6.0,18.0,20.02,2.0,8.0,-0.94,1.0,1.0,52.21,0.0,-0.0,-100.0,0.0,0.0,-100.0,0.0,0.0,-100.0,12.0,-23.32,6.0,-38.39,6.0,22.85,1.0,76.37,5.0,12.84,0.0,-100.0,2.0,34.95,100.0,25.65,1.0,-67.92,194.0,-26.66,100.0,31.59,2.0,41.04,3.0,203.03,0.0,-100.0,0.0,-100.0,59.0,-0.0,-8.44,59.0
Jake Lever,9.23,27.69,-9.81,5.53,11.06,2.12,6.72,20.16,34.43,1.47,5.88,-27.19,0.75,0.75,14.16,0.98,-2.94,49.39,0.09,0.54,-34.31,0.0,0.0,-100.0,14.76,-5.68,8.79,-9.74,5.79,18.55,0.85,49.91,5.87,32.48,0.37,-42.99,1.13,-23.75,79.55,-0.05,4.11,31.86,250.87,-5.16,83.08,9.33,3.32,134.13,1.11,12.12,0.1,-91.17,0.08,-92.01,63.1,12.54,-2.07,63.14
Jake Lloyd,15.8,47.4,54.39,7.5,15.0,38.5,6.8,20.4,36.03,2.4,9.6,18.87,0.4,0.4,-39.12,0.5,-1.5,-23.78,0.2,1.2,45.99,0.1,0.1,-21.88,23.3,48.89,15.2,56.07,5.2,6.47,0.3,-47.09,6.5,46.69,1.0,54.08,2.9,95.68,86.53,8.73,5.2,66.83,402.1,52.01,85.66,12.72,1.2,-15.37,1.6,61.62,3.3,191.52,3.1,209.69,92.6,-0.0,43.71,92.6
James Blanck,5.4,16.2,-47.23,3.07,6.14,-43.31,2.86,8.58,-42.79,2.45,9.8,21.35,0.45,0.45,-31.51,0.62,-1.86,-5.49,0.0,0.0,-100.0,0.0,0.0,-100.0,8.48,-45.81,5.0,-48.66,3.36,-31.2,0.69,21.69,2.17,-51.03,0.26,-59.94,0.14,-90.55,84.14,5.72,2.1,-32.63,75.4,-71.5,78.23,2.94,1.43,0.85,0.31,-68.69,0.0,-100.0,0.0,-100.0,39.33,-2.08,-38.96,39.31
James Borlase,6.74,20.22,-34.14,4.91,9.82,-9.33,4.54,13.62,-9.18,1.77,7.08,-12.33,1.17,1.17,78.08,0.34,-1.02,-48.17,0.0,0.0,-100.0,0.0,0.0,-100.0,11.66,-25.49,7.06,-27.51,4.94,1.15,0.49,-13.58,4.06,-8.37,0.14,-78.43,0.51,-65.59,83.35,4.73,2.03,-34.87,135.94,-48.61,86.11,13.31,1.29,-9.03,1.11,12.12,0.0,-100.0,0.0,-100.0,50.91,-24.24,-20.99,50.89
James O'Donnell,9.72,29.16,-5.02,2.33,4.66,-56.97,5.95,17.85,19.02,1.62,6.48,-19.76,0.1,0.1,-84.78,1.14,-3.42,73.78,0.0,0.0,-100.0,0.0,0.0,-100.0,12.05,-23.0,9.24,-5.12,2.43,-50.25,1.05,85.19,4.9,10.58,0.1,-84.59,1.28,-13.63,83.8,5.29,3.33,6.83,235.95,-10.8,80.46,5.88,2.19,54.44,1.53,54.55,0.0,-100.0,0.0,-100.0,54.81,-4.96,-14.94,54.83
James Sicily,15.53,46.59,51.75,6.0,12.0,10.8,8.33,24.99,66.63,1.13,4.52,-44.03,1.28,1.28,94.82,0.81,-2.43,23.48,0.56,3.36,308.76,0.25,0.25,95.31,21.53,37.58,13.8,41.7,5.35,9.54,1.17,106.35,7.15,61.36,0.24,-63.02,2.32,56.55,82.18,3.26,5.11,63.94,453.4,71.4,82.53,8.6,2.59,82.65,1.56,57.58,2.17,91.7,2.14,113.79,90.55,-8.51,40.52,90.56
James Trezise,9.0,27.0,-12.06,6.0,12.0,10.8,5.0,15.0,0.02,4.0,16.0,98.12,2.0,2.0,204.41,3.0,-9.0,357.32,0.0,0.0,-100.0,0.0,0.0,-100.0,15.0,-4.15,8.0,-17.86,7.0,43.33,0.0,-100.0,5.0,12.84,0.0,-100.0,1.0,-32.52,80.0,0.52,2.0,-35.84,171.0,-35.36,77.8,2.38,1.0,-29.48,0.0,-100.0,1.0,-11.66,1.0,-0.1,63.0,-0.0,-2.23,63.0
James Worpel,9.0,27.0,-12.06,16.0,32.0,195.48,1.0,3.0,-80.0,3.0,12.0,48.59,0.0,0.0,-100.0,0.0,-0.0,-100.0,0.0,0.0,-100.0,0.0,0.0,-100.0,25.0,59.75,9.0,-7.59,16.0,227.6,0.0,-100.0,1.0,-77.43,7.0,978.58,5.0,237.38,56.0,-29.64,1.0,-67.92,163.0,-38.38,22.2,-70.79,0.0,-100.0,0.0,-100.0,0.0,-100.0,0.0,-100.0,74.0,-0.0,14.84,74.0
Jarman Impey,12.71,38.13,24.19,5.93,11.86,9.51,5.86,17.58,17.22,1.43,5.72,-29.17,0.93,0.93,41.55,1.0,-3.0,52.44,0.0,0.0,-100.0,0.43,0.43,235.94,18.64,19.11,13.5,38.62,5.64,15.48,0.21,-62.96,5.64,27.29,0.57,-12.17,3.93,165.18,69.37,-12.84,4.0,28.33,387.43,46.46,59.5,-21.7,2.07,45.98,1.5,51.52,0.14,-87.63,0.0,-100.0,71.64,4.01,11.18,71.65
Jarrod Lienert,10.0,30.0,-2.29,5.0,10.0,-7.66,5.0,15.0,0.02,4.0,16.0,98.12,1.0,1.0,52.21,0.0,-0.0,-100.0,0.0,0.0,-100.0,0.0,0.0,-100.0,15.0,-4.15,10.0,2.68,4.0,-18.1,0.0,-100.0,5.0,12.84,2.0,208.17,2.0,34.95,86.7,8.94,1.0,-67.92,210.0,-20.61,80.0,5.27,0.0,-100.0,1.0,1.01,2.0,76.68,2.0,99.8,74.0,-0.0,14.84,72.0
Jason Johannisen,14.0,42.0,36.8,4.0,8.0,-26.13,8.0,24.0,60.03,3.0,12.0,48.59,0.0,0.0,-100.0,0.0,-0.0,-100.0,1.0,6.0,629.93,0.0,0.0,-100.0,18.0,15.02,12.0,23.22,2.0,-59.05,1.0,76.37,7.0,57.98,0.0,-100.0,1.0,-32.52,83.3,4.67,4.0,28.33,317.0,19.84,85.7,12.77,2.0,41.04,3.0,203.03,3.0,165.02,3.0,199.7,92.0,-0.0,42.78,92.0
Jayden Laverde,9.3,27.9,-9.13,5.79,11.58,6.93,6.37,19.11,27.43,2.2,8.8,8.96,0.54,0.54,-17.81,0.84,-2.52,28.05,0.1,0.6,-27.01,0.01,0.01,-92.19,15.08,-3.64,11.16,14.59,3.84,-21.38,0.72,26.98,5.65,27.51,0.38,-41.45,1.19,-19.7,88.41,11.09,3.41,9.4,274.35,3.71,85.52,12.54,1.69,19.18,1.06,7.07,0.0,-100.0,0.0,-100.0,66.06,1.22,2.52,66.02
Jayden Short,21.0,63.0,105.2,2.0,4.0,-63.07,3.0,9.0,-39.99,2.0,8.0,-0.94,0.0,0.0,-100.0,2.0,-6.0,204.88,0.0,0.0,-100.0,0.0,0.0,-100.0,23.0,46.97,11.0,12.95,1.0,-79.52,0.0,-100.0,3.0,-32.3,0.0,-100.0,3.0,102.43,87.0,9.32,4.0,28.33,498.0,88.26,85.7,12.77,0.0,-100.0,2.0,102.02,9.0,695.05,9.0,799.1,78.0,-0.0,21.05,78.0
Jed Walter,3.0,9.0,-70.69,2.0,4.0,-63.07,2.0,6.0,-59.99,3.0,12.0,48.59,1.0,1.0,52.21,1.0,-3.0,52.44,0.0,0.0,-100.0,1.0,1.0,681.25,5.0,-68.05,1.0,-89.73,3.0,-38.57,1.0,76.37,1.0,-77.43,0.0,-100.0,2.0,34.95,60.0,-24.61,0.0,-100.0,101.0,-61.82,33.3,-56.18,0.0,-100.0,1.0,1.01,0.0,-100.0,0.0,-100.0,37.0,-0.0,-42.58,30.0
Jeremy Howe,11.53,34.59,12.66,3.45,6.9,-36.29,5.41,16.23,8.22,1.29,5.16,-36.11,0.44,0.44,-33.03,0.48,-1.44,-26.83,0.24,1.44,75.18,0.12,0.12,-6.25,14.99,-4.21,8.33,-14.47,3.12,-36.12,0.81,42.86,4.6,3.81,0.12,-81.51,1.06,-28.48,79.75,0.21,5.17,65.86,326.09,23.27,79.22,4.25,1.74,22.71,0.5,-49.49,3.68,225.09,3.31,230.67,63.42,15.71,-1.58,63.44
Jeremy McGovern,14.76,44.28,44.23,5.28,10.56,-2.49,6.18,18.54,23.62,1.36,5.44,-32.64,0.85,0.85,29.38,0.44,-1.32,-32.93,0.04,0.24,-70.8,0.09,0.09,-29.69,20.04,28.06,8.61,-11.59,6.23,27.56,1.36,139.86,4.82,8.78,0.37,-42.99,0.96,-35.22,85.19,7.04,6.87,120.4,437.54,65.41,86.68,14.06,3.18,124.26,1.94,95.96,5.52,387.63,5.24,423.48,78.83,5.04,22.34,78.68
Jimmy Webster,9.14,27.42,-10.69,5.82,11.64,7.48,3.21,9.63,-35.79,2.64,10.56,30.76,1.71,1.71,160.27,0.07,-0.21,-89.33,0.0,0.0,-100.0,0.0,0.0,-100.0,14.96,-4.4,8.5,-12.72,5.43,11.18,0.0,-100.0,3.21,-27.56,0.0,-100.0,1.75,18.08,91.33,14.76,3.14,0.74,223.86,-15.37,86.67,14.05,0.04,-97.18,0.07,-92.93,1.14,0.71,1.04,3.9,60.79,5.26,-5.66,60.75
Joe Daniher,8.0,24.0,-21.83,2.0,4.0,-63.07,6.0,18.0,20.02,0.0,0.0,-100.0,1.0,1.0,52.21,1.0,-3.0,52.44,2.0,12.0,1359.85,2.0,2.0,1462.5,10.0,-36.1,7.0,-28.12,2.0,-59.05,1.0,76.37,5.0,12.84,0.0,-100.0,2.0,34.95,50.0,-37.17,0.0,-100.0,266.0,0.56,37.5,-50.65,0.0,-100.0,0.0,-100.0,0.0,-100.0,0.0,-100.0,59.0,-0.0,-8.44,58.0
Joel Hamling,7.0,21.0,-31.6,7.0,14.0,29.27,8.0,24.0,60.03,1.0,4.0,-50.47,0.0,0.0,-100.0,0.0,-0.0,-100.0,0.0,0.0,-100.0,0.0,0.0,-100.0,14.0,-10.54,9.0,-7.59,4.0,-18.1,0.0,-100.0,8.0,80.55,0.0,-100.0,0.0,-100.0,85.7,7.68,2.0,-35.84,74.0,-72.03,85.7,12.77,2.0,41.04,0.0,-100.0,0.0,-100.0,0.0,-100.0,63.0,-0.0,-2.23,63.0
Joel Smith,3.0,9.0,-70.69,2.0,4.0,-63.07,1.0,3.0,-80.0,3.0,12.0,48.59,0.0,0.0,-100.0,1.0,-3.0,52.44,1.0,6.0,629.93,0.0,0.0,-100.0,5.0,-68.05,1.0,-89.73,4.0,-18.1,1.0,76.37,0.0,-100.0,0.0,-100.0,0.0,-100.0,80.0,0.52,1.0,-67.92,74.0,-72.03,66.7,-12.23,0.0,-100.0,0.0,-100.0,0.0,-100.0,0.0,-100.0,31.0,-0.0,-51.89,31.0
John Noble,16.67,50.01,62.89,7.33,14.66,35.36,8.0,24.0,60.03,1.33,5.32,-34.13,0.33,0.33,-49.77,0.33,-0.99,-49.7,0.33,1.98,140.88,0.0,0.0,-100.0,24.0,53.36,19.0,95.09,3.33,-31.82,0.33,-41.8,7.67,73.1,1.33,104.93,3.67,147.64,86.47,8.65,5.33,71.0,506.67,91.54,84.1,10.67,1.33,-6.21,1.33,34.34,1.67,47.53,1.67,66.83,95.33,-0.0,47.94,95.31
Jordan Boyd,11.85,35.55,15.79,2.76,5.52,-49.03,3.28,9.84,-34.39,1.47,5.88,-27.19,1.19,1.19,81.13,0.38,-1.14,-42.07,0.28,1.68,104.38,0.1,0.1,-21.88,14.62,-6.58,8.24,-15.39,3.72,-23.83,0.0,-100.0,3.28,-25.98,0.72,10.94,1.43,-3.51,79.36,-0.28,3.1,-0.55,317.48,20.02,77.68,2.22,0.19,-86.6,1.05,6.06,3.34,195.05,3.24,223.68,58.71,5.78,-8.89,58.62
Jordan Clark,13.0,39.0,27.03,17.0,34.0,213.94,4.0,12.0,-19.98,4.0,16.0,98.12,1.0,1.0,52.21,0.0,-0.0,-100.0,0.0,0.0,-100.0,1.0,1.0,681.25,30.0,91.71,25.0,156.7,5.0,2.38,0.0,-100.0,4.0,-9.73,0.0,-100.0,4.0,169.91,83.3,4.67,4.0,28.33,472.0,78.43,76.9,1.19,0.0,-100.0,0.0,-100.0,0.0,-100.0,0.0,-100.0,103.0,-0.0,59.85,103.0
Jordan Dawson,18.86,56.58,84.29,6.14,12.28,13.39,5.71,17.13,14.22,2.43,9.72,20.36,0.43,0.43,-34.55,0.0,-0.0,-100.0,0.07,0.42,-48.91,0.43,0.43,235.94,25.0,59.75,15.57,59.87,2.93,-40.01,0.07,-87.65,5.64,27.29,0.5,-22.96,2.5,68.69,84.49,6.16,7.5,140.62,601.0,127.2,82.46,8.51,2.0,41.04,3.21,224.24,6.5,474.2,5.57,456.44,97.0,-1.27,50.53,96.99
Jordan Ridley,15.94,47.82,55.76,5.89,11.78,8.77,8.59,25.77,71.83,1.05,4.2,-47.99,0.59,0.59,-10.2,0.74,-2.22,12.8,0.08,0.48,-41.61,0.12,0.12,-6.25,21.83,39.5,14.05,44.27,4.7,-3.77,1.16,104.59,7.43,67.68,0.12,-81.51,0.38,-74.36,91.07,14.43,4.72,51.43,310.97,17.56,92.55,21.79,2.43,71.37,1.4,41.41,3.16,179.15,2.96,195.7,88.55,11.09,37.42,88.54
Jordon Butts,6.92,20.76,-32.38,4.56,9.12,-15.79,5.13,15.39,2.62,1.25,5.0,-38.09,1.06,1.06,61.34,0.39,-1.17,-40.55,0.0,0.0,-100.0,0.0,0.0,-100.0,11.48,-26.64,7.39,-24.12,3.9,-20.15,0.74,30.51,4.4,-0.7,0.19,-70.72,0.9,-39.27,85.42,7.33,2.51,-19.47,168.32,-36.37,83.24,9.54,2.15,51.62,0.87,-12.12,0.0,-100.0,0.0,-100.0,50.16,7.43,-22.16,50.16
Josh Battle,13.0,39.0,27.03,3.67,7.34,-32.23,7.67,23.01,53.43,2.0,8.0,-0.94,0.44,0.44,-33.03,0.89,-2.67,35.67,0.0,0.0,-100.0,0.0,0.0,-100.0,16.67,6.52,10.78,10.69,4.67,-4.38,0.89,56.97,6.78,53.01,0.44,-32.2,1.44,-2.83,81.43,2.32,3.44,10.36,324.67,22.74,80.63,6.1,2.56,80.54,0.89,-10.1,0.89,-21.38,0.67,-33.07,75.22,-0.0,16.73,75.12
Josh Bruce,6.0,18.0,-41.37,5.67,11.34,4.71,6.33,18.99,26.63,1.67,6.68,-17.29,0.67,0.67,1.98,1.67,-5.01,154.57,0.0,0.0,-100.0,0.0,0.0,-100.0,11.67,-25.43,9.67,-0.71,2.67,-45.33,0.33,-41.8,6.0,35.41,0.0,-100.0,0.0,-100.0,75.8,-4.76,2.67,-14.34,112.0,-57.66,71.67,-5.69,1.33,-6.21,0.33,-66.67,0.0,-100.0,0.0,-100.0,50.67,-0.0,-21.37,50.67
Josh Rotham,5.69,17.07,-44.4,2.06,4.12,-61.96,4.8,14.4,-3.98,1.11,4.44,-45.02,0.14,0.14,-78.69,0.26,-0.78,-60.37,0.0,0.0,-100.0,0.0,0.0,-100.0,7.74,-50.54,5.77,-40.75,1.69,-65.4,0.46,-18.87,4.34,-2.05,0.0,-100.0,0.14,-90.55,78.58,-1.26,1.2,-61.5,117.2,-55.69,72.39,-4.74,1.0,-29.48,0.51,-48.48,0.43,-62.01,0.43,-57.04,39.4,-15.54,-38.86,39.39
Josh Sinn,12.0,36.0,17.26,4.0,8.0,-26.13,4.0,12.0,-19.98,0.0,0.0,-100.0,0.0,0.0,-100.0,0.0,-0.0,-100.0,0.0,0.0,-100.0,0.0,0.0,-100.0,16.0,2.24,12.0,23.22,2.0,-59.05,0.0,-100.0,4.0,-9.73,0.0,-100.0,1.0,-32.52,68.8,-13.55,3.0,-3.75,415.0,56.88,66.7,-12.23,0.0,-100.0,1.0,1.01,1.0,-11.66,1.0,-0.1,56.0,-0.0,-13.09,56.0
Josh Walker,8.86,26.58,-13.43,6.0,12.0,10.8,6.29,18.87,25.83,1.0,4.0,-50.47,1.29,1.29,96.35,0.57,-1.71,-13.11,0.0,0.0,-100.0,0.0,0.0,-100.0,14.86,-5.04,8.43,-13.44,5.71,16.91,1.14,101.06,5.14,16.0,0.14,-78.43,0.29,-80.43,77.61,-2.48,4.29,37.63,192.57,-27.2,74.8,-1.57,2.29,61.5,0.71,-28.28,0.0,-100.0,0.0,-100.0,61.0,-0.0,-5.33,61.03
Josh Worrell,10.7,32.1,4.55,3.9,7.8,-27.98,3.8,11.4,-23.98,2.2,8.8,8.96,0.9,0.9,36.99,0.5,-1.5,-23.78,0.0,0.0,-100.0,0.0,0.0,-100.0,14.6,-6.7,7.4,-24.02,5.9,20.8,0.4,-29.45,3.4,-23.27,0.5,-22.96,1.8,21.46,80.44,1.07,5.0,60.41,341.9,29.25,82.43,8.47,1.1,-22.43,1.1,11.11,2.1,85.51,1.7,69.83,59.5,-0.0,-7.66,59.5
Joshua Draper,7.6,22.8,-25.74,7.4,14.8,36.66,5.2,15.6,4.02,0.6,2.4,-70.28,0.6,0.6,-8.68,0.2,-0.6,-69.51,0.0,0.0,-100.0,0.0,0.0,-100.0,15.0,-4.15,9.6,-1.43,5.8,18.76,1.0,76.37,4.2,-5.21,0.0,-100.0,0.6,-59.51,85.94,7.98,2.4,-23.0,177.0,-33.09,85.32,12.27,1.4,-1.27,1.0,1.01,0.0,-100.0,0.0,-100.0,55.6,-0.0,-13.71,55.6
Kane Farrell,11.8,35.4,15.3,3.91,7.82,-27.79,3.49,10.47,-30.19,1.63,6.52,-19.27,0.26,0.26,-60.43,0.83,-2.49,26.52,0.0,0.0,-100.0,0.17,0.17,32.81,15.71,0.39,10.06,3.3,3.29,-32.64,0.09,-84.13,3.4,-23.27,0.26,-59.94,2.4,61.94,82.78,4.01,3.34,7.15,401.51,51.79,81.66,7.46,0.57,-59.8,1.17,18.18,2.54,124.38,2.06,105.79,58.14,-0.62,-9.77,58.15
Karl Amon,14.0,42.0,36.8,5.0,10.0,-7.66,6.0,18.0,20.02,1.0,4.0,-50.47,0.0,0.0,-100.0,0.0,-0.0,-100.0,0.0,0.0,-100.0,0.0,0.0,-100.0,19.0,21.41,12.0,23.22,3.0,-38.57,0.0,-100.0,6.0,35.41,1.0,54.08,0.0,-100.0,94.7,18.99,1.0,-67.92,344.0,30.04,92.9,22.25,0.0,-100.0,0.0,-100.0,3.0,165.02,3.0,199.7,74.0,-0.0,14.84,74.0
Kayne Turner,8.5,25.5,-16.94,5.0,10.0,-7.66,5.0,15.0,0.02,3.0,12.0,48.59,1.5,1.5,128.31,1.0,-3.0,52.44,0.0,0.0,-100.0,0.0,0.0,-100.0,13.5,-13.73,8.0,-17.86,5.5,12.61,0.5,-11.82,4.5,1.56,0.0,-100.0,1.5,1.21,80.0,0.52,2.0,-35.84,178.5,-32.52,78.8,3.69,2.5,76.3,0.5,-49.49,0.5,-55.83,0.5,-50.05,61.0,-0.0,-5.33,61.0
Kyron Hayden,3.0,9.0,-70.69,8.0,16.0,47.74,4.0,12.0,-19.98,3.0,12.0,48.59,0.0,0.0,-100.0,3.0,-9.0,357.32,0.0,0.0,-100.0,0.0,0.0,-100.0,11.0,-29.71,7.0,-28.12,4.0,-18.1,0.0,-100.0,4.0,-9.73,0.0,-100.0,1.0,-32.52,81.8,2.78,1.0,-67.92,83.0,-68.62,100.0,31.59,2.0,41.04,2.0,102.02,0.0,-100.0,0.0,-100.0,40.0,-0.0,-37.92,40.0
Lachie Weller,11.5,34.5,12.37,7.0,14.0,29.27,6.0,18.0,20.02,3.0,12.0,48.59,0.5,0.5,-23.9,0.5,-1.5,-23.78,0.0,0.0,-100.0,0.5,0.5,290.62,18.5,18.22,13.5,38.62,2.0,-59.05,0.0,-100.0,6.0,35.41,0.5,-22.96,2.0,34.95,74.4,-6.52,6.0,92.49,426.0,61.04,68.65,-9.66,1.0,-29.48,1.0,1.01,3.5,209.19,3.5,249.65,78.0,-0.0,21.05,78.0
Lachie Young,8.0,24.0,-21.83,2.0,4.0,-63.07,6.5,19.5,30.03,1.5,6.0,-25.71,0.5,0.5,-23.9,1.5,-4.5,128.66,0.0,0.0,-100.0,0.0,0.0,-100.0,10.0,-36.1,10.0,2.68,2.0,-59.05,0.0,-100.0,6.5,46.69,0.0,-100.0,1.0,-32.52,83.35,4.73,3.5,12.29,181.0,-31.58,85.7,12.77,1.5,5.78,0.0,-100.0,0.5,-55.83,0.0,-100.0,49.5,-0.0,-23.18,49.5
Lachlan Cowan,5.0,15.0,-51.14,5.0,10.0,-7.66,4.0,12.0,-19.98,5.0,20.0,147.65,0.0,0.0,-100.0,0.0,-0.0,-100.0,0.0,0.0,-100.0,0.0,0.0,-100.0,10.0,-36.1,8.0,-17.86,2.0,-59.05,0.0,-100.0,4.0,-9.73,1.0,54.08,1.0,-32.52,90.0,13.09,1.0,-67.92,47.0,-82.23,80.0,5.27,0.0,-100.0,1.0,1.01,0.0,-100.0,0.0,-100.0,57.0,-0.0,-11.54,57.0
Lachlan Keeffe,4.4,13.2,-57.01,3.6,7.2,-33.52,3.26,9.78,-34.79,1.97,7.88,-2.43,0.51,0.51,-22.37,0.54,-1.62,-17.68,0.03,0.18,-78.1,0.0,0.0,-100.0,8.0,-48.88,4.94,-49.28,3.09,-36.73,0.94,65.78,2.31,-47.87,0.11,-83.05,0.54,-63.56,75.31,-5.37,0.6,-80.75,112.17,-57.6,80.76,6.27,1.43,0.85,1.06,7.07,0.0,-100.0,0.0,-100.0,38.37,-18.01,-40.45,37.13
Leek Aleer,6.14,18.42,-40.0,4.57,9.14,-15.6,4.29,12.87,-14.18,2.29,9.16,13.42,1.43,1.43,117.66,0.28,-0.84,-57.32,0.0,0.0,-100.0,0.0,0.0,-100.0,10.71,-31.56,5.28,-45.78,5.0,2.38,1.14,101.06,3.15,-28.91,0.0,-100.0,0.15,-89.88,81.3,2.15,2.43,-22.04,150.71,-43.03,82.25,8.23,1.72,21.3,0.57,-42.42,0.0,-100.0,0.0,-100.0,50.14,-10.33,-22.19,50.18
Lewis Melican,6.14,18.42,-40.0,2.86,5.72,-47.18,3.14,9.42,-37.19,2.86,11.44,41.65,0.57,0.57,-13.24,0.14,-0.42,-78.66,0.0,0.0,-100.0,0.0,0.0,-100.0,9.0,-42.49,5.43,-44.24,2.43,-50.25,0.0,-100.0,3.14,-29.14,0.28,-56.86,0.14,-90.55,80.01,0.53,1.86,-40.33,103.85,-60.74,79.51,4.63,1.28,-9.73,0.72,-27.27,0.0,-100.0,0.0,-100.0,45.14,-0.79,-29.95,45.15
Lewis Young,8.8,26.4,-14.01,4.06,8.12,-25.02,6.53,19.59,30.63,0.97,3.88,-51.96,0.52,0.52,-20.85,0.33,-0.99,-49.7,0.0,0.0,-100.0,0.0,0.0,-100.0,12.85,-17.89,8.06,-17.24,4.29,-12.16,0.8,41.09,5.73,29.32,0.24,-63.02,0.5,-66.26,74.29,-6.65,4.56,46.29,209.9,-20.65,68.23,-10.22,2.62,84.77,1.19,20.2,0.04,-96.47,0.04,-96.0,57.82,3.61,-10.27,57.52
Liam Baker,11.29,33.87,10.32,7.29,14.58,34.63,4.43,13.29,-11.38,2.14,8.56,5.99,1.71,1.71,160.27,1.0,-3.0,52.44,0.43,2.58,213.87,0.0,0.0,-100.0,18.57,18.67,11.71,20.24,5.43,11.18,0.0,-100.0,4.43,-0.02,0.86,32.51,1.29,-12.96,81.71,2.67,4.71,51.11,321.14,21.4,82.16,8.12,0.86,-39.35,1.43,44.44,1.0,-11.66,1.0,-0.1,71.57,26.11,11.07,71.59
Liam Jones,9.18,27.54,-10.3,2.88,5.76,-46.81,6.05,18.15,21.02,0.6,2.4,-70.28,0.74,0.74,12.63,0.64,-1.92,-2.44,0.0,0.0,-100.0,0.04,0.04,-68.75,12.05,-23.0,7.48,-23.2,4.27,-12.57,1.02,79.89,5.01,13.07,0.1,-84.59,0.87,-41.3,83.9,5.42,2.98,-4.4,205.25,-22.41,84.51,11.21,3.53,148.94,1.15,16.16,0.0,-100.0,0.0,-100.0,52.67,2.66,-18.26,52.71
Liam Stocker,5.0,15.0,-51.14,3.5,7.0,-35.36,3.0,9.0,-39.99,2.5,10.0,23.82,1.0,1.0,52.21,1.0,-3.0,52.44,0.0,0.0,-100.0,0.0,0.0,-100.0,8.5,-45.68,3.5,-64.06,5.5,12.61,0.0,-100.0,3.0,-32.3,1.5,131.12,0.5,-66.26,61.45,-22.79,2.0,-35.84,111.0,-58.04,62.5,-17.76,1.5,5.78,0.5,-49.49,0.0,-100.0,0.0,-100.0,39.0,-0.0,-39.48,39.0
Logan Evans,14.0,42.0,36.8,2.67,5.34,-50.69,4.67,14.01,-6.58,1.67,6.68,-17.29,0.67,0.67,1.98,0.67,-2.01,2.13,0.0,0.0,-100.0,0.0,0.0,-100.0,16.67,6.52,9.67,-0.71,3.33,-31.82,0.0,-100.0,4.67,5.39,0.33,-49.15,1.33,-10.26,68.4,-14.06,5.0,60.41,401.67,51.85,65.73,-13.51,1.33,-6.21,1.0,1.01,3.33,194.17,3.33,232.67,66.67,-0.0,3.47,66.69
Luke McDonald,13.33,39.99,30.25,5.63,11.26,3.97,6.58,19.74,31.63,2.19,8.76,8.47,0.17,0.17,-74.12,1.06,-3.18,61.59,0.0,0.0,-100.0,0.02,0.02,-84.38,18.96,21.16,12.5,28.35,4.18,-14.41,0.76,34.04,5.82,31.35,0.25,-61.48,1.58,6.61,79.37,-0.27,5.67,81.91,393.84,48.89,74.42,-2.07,1.99,40.34,0.85,-14.14,2.46,117.31,2.46,145.75,76.76,-1.8,19.12,76.76
Luke Nankervis,6.0,18.0,-41.37,6.0,12.0,10.8,2.0,6.0,-59.99,3.0,12.0,48.59,0.0,0.0,-100.0,1.0,-3.0,52.44,0.0,0.0,-100.0,0.0,0.0,-100.0,12.0,-23.32,8.0,-17.86,3.0,-38.57,0.0,-100.0,2.0,-54.86,1.0,54.08,1.0,-32.52,91.7,15.22,2.0,-35.84,200.0,-24.39,83.3,9.62,2.0,41.04,1.0,1.01,1.0,-11.66,1.0,-0.1,45.0,-0.0,-30.16,45.0
Luke Ryan,20.28,60.84,98.16,3.45,6.9,-36.29,8.78,26.34,75.64,2.09,8.36,3.52,0.71,0.71,8.07,0.58,-1.74,-11.59,0.0,0.0,-100.0,0.06,0.06,-53.12,23.71,51.51,14.19,45.7,4.06,-16.87,0.5,-11.82,8.29,87.09,0.23,-64.56,0.78,-47.37,89.41,12.34,6.86,120.08,502.59,90.0,89.22,17.41,1.8,26.94,2.02,104.04,5.88,419.43,5.51,450.45,101.41,6.45,57.38,101.47
Mac Andrew,8.43,25.29,-17.63,4.14,8.28,-23.55,5.43,16.29,8.62,2.72,10.88,34.72,1.28,1.28,94.82,1.71,-5.13,160.67,0.28,1.68,104.38,0.0,0.0,-100.0,12.57,-19.68,8.57,-12.0,4.0,-18.1,0.86,51.68,4.57,3.14,0.57,-12.17,2.57,73.41,80.16,0.72,2.43,-22.04,249.57,-5.65,86.71,14.1,2.29,61.5,2.0,102.02,0.28,-75.27,0.28,-72.03,60.86,-8.25,-5.55,58.57
Marcus Adams,10.0,30.0,-2.29,4.0,8.0,-26.13,4.5,13.5,-9.98,1.5,6.0,-25.71,0.5,0.5,-23.9,1.0,-3.0,52.44,0.0,0.0,-100.0,0.0,0.0,-100.0,14.0,-10.54,8.0,-17.86,5.0,2.38,1.5,164.55,3.0,-32.3,0.5,-22.96,1.0,-32.52,73.25,-7.96,6.0,92.49,318.5,20.4,70.2,-7.62,1.5,5.78,1.0,1.01,0.0,-100.0,0.0,-100.0,55.0,-0.0,-14.65,55.0
Marcus Windhager,12.0,36.0,17.26,11.0,22.0,103.14,5.0,15.0,0.02,3.5,14.0,73.35,1.5,1.5,128.31,0.5,-1.5,-23.78,0.0,0.0,-100.0,0.0,0.0,-100.0,23.0,46.97,17.0,74.56,6.5,33.09,0.0,-100.0,5.0,12.84,0.5,-22.96,2.5,68.69,77.3,-2.87,3.0,-3.75,316.0,19.46,72.15,-5.06,0.5,-64.74,0.0,-100.0,0.0,-100.0,0.0,-100.0,87.0,-0.0,35.02,87.0
Mark Blicavs,5.77,17.31,-43.62,9.71,19.42,79.32,3.87,11.61,-22.58,1.37,5.48,-32.14,0.87,0.87,32.42,0.03,-0.09,-95.43,0.15,0.9,9.49,0.01,0.01,-92.19,15.48,-1.08,9.43,-3.17,5.78,18.35,0.44,-22.4,3.43,-22.59,1.35,108.01,1.31,-11.61,78.2,-1.74,1.86,-40.33,177.11,-33.05,74.15,-2.43,2.12,49.51,2.14,116.16,0.0,-100.0,0.0,-100.0,62.09,-16.2,-3.64,55.51
Mark Keane,13.0,39.0,27.03,4.06,8.12,-25.02,5.78,17.34,15.62,1.0,4.0,-50.47,1.06,1.06,61.34,1.61,-4.83,145.43,0.0,0.0,-100.0,0.06,0.06,-53.12,17.06,9.02,9.0,-7.59,5.11,4.63,0.67,18.17,5.11,15.32,0.17,-73.81,0.67,-54.79,81.62,2.56,4.22,35.39,310.22,17.27,76.62,0.83,2.5,76.3,1.11,12.12,3.94,248.06,2.94,193.71,64.72,-0.0,0.44,64.75
Mason Redman,15.61,46.83,52.53,5.08,10.16,-6.19,5.82,17.46,16.42,1.72,6.88,-14.81,0.62,0.62,-5.63,0.38,-1.14,-42.07,0.11,0.66,-19.71,0.15,0.15,17.19,20.7,32.28,14.49,48.78,3.78,-22.6,0.42,-25.93,5.4,21.87,0.36,-44.53,2.59,74.76,80.78,1.5,4.85,55.6,433.8,63.99,80.48,5.9,2.09,47.39,1.17,18.18,2.87,153.53,2.54,153.75,81.64,-2.39,26.7,81.62
Matt Rowell,16.0,48.0,56.34,19.0,38.0,250.88,0.0,0.0,-100.0,10.0,40.0,395.29,3.0,3.0,356.62,1.0,-3.0,52.44,1.0,6.0,629.93,0.0,0.0,-100.0,35.0,123.66,21.0,115.63,13.0,166.18,0.0,-100.0,0.0,-100.0,8.0,1132.67,7.0,372.33,68.6,-13.8,0.0,-100.0,541.0,104.52,56.3,-25.91,0.0,-100.0,1.0,1.01,0.0,-100.0,0.0,-100.0,132.0,-0.0,104.85,132.0
Matthew Kennedy,7.0,21.0,-31.6,9.0,18.0,66.2,5.0,15.0,0.02,3.0,12.0,48.59,0.0,0.0,-100.0,0.0,-0.0,-100.0,0.0,0.0,-100.0,0.0,0.0,-100.0,16.0,2.24,8.0,-17.86,8.0,63.8,1.0,76.37,4.0,-9.73,0.0,-100.0,2.0,34.95,81.3,2.15,1.0,-67.92,247.0,-6.63,71.4,-6.04,0.0,-100.0,2.0,102.02,0.0,-100.0,0.0,-100.0,66.0,-0.0,2.43,66.0
Max Holmes,19.0,57.0,85.66,11.5,23.0,112.37,5.0,15.0,0.02,2.0,8.0,-0.94,0.5,0.5,-23.9,0.5,-1.5,-23.78,1.0,6.0,629.93,0.5,0.5,290.62,30.5,94.9,16.0,64.29,13.5,176.41,0.5,-11.82,4.5,1.56,5.0,670.42,6.0,304.86,67.3,-15.44,2.5,-19.79,610.5,130.79,60.3,-20.65,0.5,-64.74,1.5,51.52,0.5,-55.83,0.5,-50.05,108.5,-0.0,68.38,108.5
Max Michalanney,5.36,16.08,-47.63,4.71,9.42,-13.02,0.5,1.5,-90.0,2.29,9.16,13.42,0.93,0.93,41.55,0.86,-2.58,31.1,0.0,0.0,-100.0,0.0,0.0,-100.0,10.07,-35.65,6.07,-37.67,4.64,-5.0,0.07,-87.65,0.43,-90.3,3.5,439.29,1.79,20.78,81.47,2.37,0.36,-88.45,123.36,-53.37,63.8,-16.04,0.21,-85.19,1.0,1.01,0.07,-93.82,0.07,-93.01,34.5,-20.23,-46.46,34.51
Michael Hurley,5.0,15.0,-51.14,1.0,2.0,-81.53,2.0,6.0,-59.99,0.0,0.0,-100.0,2.0,2.0,204.41,0.0,-0.0,-100.0,1.0,6.0,629.93,0.0,0.0,-100.0,6.0,-61.66,5.0,-48.66,2.0,-59.05,0.0,-100.0,2.0,-54.86,0.0,-100.0,2.0,34.95,83.3,4.67,0.0,-100.0,151.0,-42.92,80.0,5.27,0.0,-100.0,0.0,-100.0,0.0,-100.0,0.0,-100.0,31.0,-0.0,-51.89,31.0
Miles Bergman,10.36,31.08,1.23,5.93,11.86,9.51,7.5,22.5,50.03,2.79,11.16,38.19,1.36,1.36,107.0,0.93,-2.79,41.77,0.0,0.0,-100.0,0.0,0.0,-100.0,16.29,4.1,12.14,24.65,5.79,18.55,0.86,51.68,6.64,49.85,0.29,-55.32,1.0,-32.52,79.68,0.12,3.64,16.78,318.64,20.46,77.14,1.51,2.71,91.11,0.07,-92.93,0.0,-100.0,0.0,-100.0,75.14,10.5,16.61,75.17
Mitch Duncan,16.0,48.0,56.34,6.0,12.0,10.8,7.0,21.0,40.03,1.0,4.0,-50.47,0.0,0.0,-100.0,0.0,-0.0,-100.0,0.0,0.0,-100.0,1.0,1.0,681.25,22.0,40.58,19.0,95.09,2.0,-59.05,0.0,-100.0,7.0,57.98,0.0,-100.0,1.0,-32.52,81.8,2.78,4.0,28.33,358.0,35.34,81.3,6.98,0.0,-100.0,0.0,-100.0,1.0,-11.66,1.0,-0.1,86.0,-0.0,33.46,86.0
Mitch Lewis,11.0,33.0,7.48,5.0,10.0,-7.66,11.0,33.0,120.04,2.0,8.0,-0.94,0.0,0.0,-100.0,0.0,-0.0,-100.0,1.0,6.0,629.93,4.0,4.0,3025.0,16.0,2.24,9.0,-7.59,7.0,43.33,3.0,429.1,8.0,80.55,1.0,54.08,2.0,34.95,43.8,-44.97,0.0,-100.0,98.0,-62.95,36.4,-52.1,0.0,-100.0,1.0,1.01,0.0,-100.0,0.0,-100.0,94.0,-0.0,45.88,94.0
Mitch McGovern,13.44,40.32,31.33,2.61,5.22,-51.8,4.49,13.47,-10.18,1.51,6.04,-25.21,1.19,1.19,81.13,0.26,-0.78,-60.37,0.24,1.44,75.18,0.17,0.17,32.81,16.06,2.63,8.09,-16.93,4.23,-13.39,0.91,60.49,3.57,-19.43,0.43,-33.74,2.43,63.97,83.27,4.63,5.23,67.79,406.43,53.65,80.04,5.33,1.93,36.11,1.24,25.25,4.07,259.54,3.57,256.64,67.11,-1.16,4.15,67.07
Nasiah Wanganeen-Milera,18.63,55.89,82.04,6.02,12.04,11.17,5.61,16.83,12.22,1.25,5.0,-38.09,0.63,0.63,-4.11,0.25,-0.75,-61.89,0.26,1.56,89.78,0.37,0.37,189.06,24.65,57.52,16.02,64.49,5.35,9.54,0.25,-55.91,5.37,21.19,0.37,-42.99,4.02,171.26,74.78,-6.04,4.18,34.1,515.49,94.87,69.72,-8.25,0.49,-65.44,1.23,24.24,3.31,192.4,3.06,205.69,91.61,16.18,42.17,91.57
Nathan Broad,9.52,28.56,-6.98,3.77,7.54,-30.38,4.99,14.97,-0.18,1.67,6.68,-17.29,0.13,0.13,-80.21,0.74,-2.22,12.8,0.02,0.12,-85.4,0.0,0.0,-100.0,13.3,-15.01,8.32,-14.57,3.62,-25.88,0.63,11.11,4.36,-1.6,0.23,-64.56,1.03,-30.5,74.1,-6.89,4.05,29.93,226.87,-14.23,71.9,-5.39,1.6,12.83,0.65,-34.34,1.47,29.86,1.24,23.88,55.79,-20.45,-13.42,55.78
Nathan Murphy,6.31,18.93,-38.34,4.25,8.5,-21.51,4.09,12.27,-18.18,2.19,8.76,8.47,0.88,0.88,33.94,0.49,-1.47,-25.3,0.0,0.0,-100.0,0.0,0.0,-100.0,10.55,-32.58,6.24,-35.93,4.77,-2.33,0.95,67.55,3.14,-29.14,0.06,-90.76,0.25,-83.13,82.52,3.69,2.62,-15.94,120.88,-54.3,75.22,-1.02,2.55,79.83,0.87,-12.12,0.0,-100.0,0.0,-100.0,47.87,3.02,-25.71,47.87
Nic Martin,16.0,48.0,56.34,9.0,18.0,66.2,6.0,18.0,20.02,2.0,8.0,-0.94,0.0,0.0,-100.0,0.0,-0.0,-100.0,0.0,0.0,-100.0,1.0,1.0,681.25,25.0,59.75,18.0,84.82,4.0,-18.1,0.0,-100.0,6.0,35.41,0.0,-100.0,4.0,169.91,56.0,-29.64,6.0,92.49,529.0,99.98,50.0,-34.2,0.0,-100.0,0.0,-100.0,3.0,165.02,3.0,199.7,93.0,-0.0,44.33,93.0
Nic Newman,14.33,42.99,40.02,3.33,6.66,-38.5,7.1,21.3,42.03,3.0,12.0,48.59,1.1,1.1,67.43,0.57,-1.71,-13.11,0.05,0.3,-63.5,0.0,0.0,-100.0,17.67,12.91,14.71,51.04,3.52,-27.93,0.05,-91.18,7.05,59.11,0.24,-63.02,2.86,92.98,68.51,-13.92,2.81,-9.85,358.71,35.61,66.23,-12.85,1.0,-29.48,1.05,6.06,0.52,-54.06,0.52,-48.05,82.62,-7.34,28.22,82.64
Nick Blakey,14.85,44.55,45.1,5.64,11.28,4.16,4.86,14.58,-2.78,1.29,5.16,-36.11,0.63,0.63,-4.11,0.45,-1.35,-31.4,0.1,0.6,-27.01,0.22,0.22,71.88,20.5,31.0,11.65,19.62,3.85,-21.17,0.22,-61.2,4.65,4.94,0.35,-46.07,2.57,73.41,84.23,5.84,5.89,88.96,483.04,82.61,80.58,6.04,1.56,10.01,1.69,70.71,5.0,341.7,4.84,383.52,75.75,-2.15,17.56,75.67
Nick Daicos,18.0,54.0,75.88,10.5,21.0,93.91,2.0,6.0,-59.99,4.0,16.0,98.12,0.5,0.5,-23.9,1.5,-4.5,128.66,0.5,3.0,264.96,0.5,0.5,290.62,28.5,82.12,17.0,74.56,11.0,125.23,0.0,-100.0,2.0,-54.86,5.0,670.42,8.0,439.81,82.4,3.54,3.0,-3.75,691.5,161.41,75.0,-1.31,0.5,-64.74,4.5,354.55,1.0,-11.66,1.0,-0.1,96.5,-0.0,49.76,96.5
Nick Haynes,11.29,33.87,10.32,4.45,8.9,-17.82,6.92,20.76,38.43,0.12,0.48,-94.06,0.43,0.43,-34.55,0.34,-1.02,-48.17,0.28,1.68,104.38,0.04,0.04,-68.75,15.73,0.52,12.06,23.83,3.06,-37.35,0.9,58.73,6.02,35.86,0.04,-93.84,0.76,-48.72,85.12,6.95,4.14,32.82,321.71,21.62,84.3,10.93,2.73,92.52,0.96,-3.03,0.3,-73.5,0.3,-70.03,65.15,10.73,1.11,65.14
Nick Hind,14.0,42.0,36.8,6.0,12.0,10.8,4.0,12.0,-19.98,3.0,12.0,48.59,0.0,0.0,-100.0,2.0,-6.0,204.88,0.0,0.0,-100.0,0.0,0.0,-100.0,20.0,27.8,17.0,74.56,3.0,-38.57,0.0,-100.0,4.0,-9.73,1.0,54.08,1.0,-32.52,85.0,6.8,7.0,124.57,341.0,28.91,92.9,22.25,0.0,-100.0,0.0,-100.0,1.0,-11.66,1.0,-0.1,72.0,-0.0,11.74,72.0
Nick Murray,9.9,29.7,-3.26,3.93,7.86,-27.42,6.18,18.54,23.62,1.19,4.76,-41.06,0.28,0.28,-57.38,0.71,-2.13,8.23,0.0,0.0,-100.0,0.22,0.22,71.88,13.83,-11.62,8.08,-17.03,4.35,-10.93,1.21,113.4,4.97,12.16,0.27,-58.4,1.42,-4.18,72.81,-8.51,4.05,29.93,338.96,28.14,69.97,-7.93,1.51,6.49,0.31,-68.69,0.96,-15.19,0.95,-5.09,59.26,17.61,-8.03,59.23
Nick Vlastuin,13.58,40.74,32.69,6.01,12.02,10.99,5.85,17.55,17.02,2.9,11.6,43.64,1.53,1.53,132.88,1.33,-3.99,102.74,0.01,0.06,-92.7,0.01,0.01,-92.19,19.59,25.18,10.13,4.01,6.11,25.1,0.53,-6.53,5.32,20.06,0.1,-84.59,0.54,-63.56,78.52,-1.34,6.1,95.7,379.12,43.32,79.42,4.51,1.56,10.01,1.31,32.32,3.75,231.27,3.45,244.66,79.57,-5.38,23.48,79.52
Nik Cox,2.0,6.0,-80.46,5.0,10.0,-7.66,1.0,3.0,-80.0,3.0,12.0,48.59,0.0,0.0,-100.0,0.0,-0.0,-100.0,0.0,0.0,-100.0,0.0,0.0,-100.0,7.0,-55.27,5.0,-48.66,3.0,-38.57,0.0,-100.0,1.0,-77.43,0.0,-100.0,0.0,-100.0,100.0,25.65,1.0,-67.92,62.0,-76.56,100.0,31.59,1.0,-29.48,0.0,-100.0,0.0,-100.0,0.0,-100.0,31.0,-0.0,-51.89,31.0
Noah Balta,12.34,37.02,20.58,2.1,4.2,-61.22,8.34,25.02,66.83,0.99,3.96,-50.97,0.35,0.35,-46.73,0.57,-1.71,-13.11,0.14,0.84,2.19,0.05,0.05,-60.94,14.44,-7.73,9.28,-4.71,4.14,-15.23,1.49,162.79,6.85,54.59,0.14,-78.43,0.95,-35.9,72.02,-9.51,4.45,42.77,372.0,40.63,71.12,-6.41,2.88,103.1,0.5,-49.49,0.29,-74.38,0.29,-71.03,69.82,2.26,8.35,69.73
Oleg Markov,7.0,21.0,-31.6,4.5,9.0,-16.9,5.0,15.0,0.02,3.0,12.0,48.59,0.0,0.0,-100.0,0.0,-0.0,-100.0,0.0,0.0,-100.0,0.0,0.0,-100.0,11.5,-26.51,7.5,-22.99,3.5,-28.34,0.5,-11.82,4.5,1.56,0.5,-22.96,3.0,102.43,87.3,9.69,2.0,-35.84,206.5,-21.94,78.55,3.36,1.0,-29.48,0.5,-49.49,0.0,-100.0,0.0,-100.0,57.0,-0.0,-11.54,57.0
Oliver Florent,14.65,43.95,43.15,7.17,14.34,32.41,5.92,17.76,18.42,2.65,10.6,31.25,0.24,0.24,-63.47,0.61,-1.83,-7.01,0.47,2.82,243.07,0.28,0.28,118.75,21.81,39.37,13.11,34.61,6.82,39.64,0.14,-75.31,5.78,30.44,1.88,189.68,2.58,74.09,73.35,-7.84,5.43,74.21,439.79,66.26,70.7,-6.97,1.06,-25.25,0.95,-4.04,3.08,172.08,2.2,119.78,88.13,4.85,36.77,88.16
Oscar McDonald,9.0,27.0,-12.06,3.0,6.0,-44.6,5.0,15.0,0.02,0.0,0.0,-100.0,1.5,1.5,128.31,0.0,-0.0,-100.0,0.0,0.0,-100.0,0.0,0.0,-100.0,12.0,-23.32,7.0,-28.12,5.0,2.38,0.5,-11.82,4.5,1.56,0.0,-100.0,0.0,-100.0,70.0,-12.04,2.0,-35.84,127.0,-51.99,60.35,-20.58,2.0,41.04,1.5,51.52,0.0,-100.0,0.0,-100.0,49.5,-0.0,-23.18,49.5
Paddy McCartin,12.4,37.2,21.16,3.2,6.4,-40.9,8.2,24.6,64.03,0.4,1.6,-80.19,1.2,1.2,82.65,0.2,-0.6,-69.51,0.0,0.0,-100.0,0.0,0.0,-100.0,15.6,-0.31,8.2,-15.8,6.8,39.23,2.4,323.28,5.8,30.9,0.2,-69.18,2.2,48.45,87.1,9.44,3.2,2.66,220.8,-16.53,88.14,15.98,4.4,210.3,2.0,102.02,0.0,-100.0,0.0,-100.0,70.4,-0.0,9.25,70.4
Paul Curtis,8.0,24.0,-21.83,5.0,10.0,-7.66,3.0,9.0,-39.99,3.0,12.0,48.59,0.0,0.0,-100.0,1.0,-3.0,52.44,0.0,0.0,-100.0,0.0,0.0,-100.0,13.0,-16.93,6.0,-38.39,7.0,43.33,0.0,-100.0,3.0,-32.3,0.0,-100.0,3.0,102.43,53.8,-32.4,2.0,-35.84,243.0,-8.14,50.0,-34.2,0.0,-100.0,0.0,-100.0,0.0,-100.0,0.0,-100.0,52.0,-0.0,-19.3,52.0
Phil Davis,7.33,21.99,-28.38,4.33,8.66,-20.04,4.67,14.01,-6.58,1.67,6.68,-17.29,1.33,1.33,102.44,1.33,-3.99,102.74,0.0,0.0,-100.0,0.0,0.0,-100.0,11.67,-25.43,7.33,-24.74,5.0,2.38,0.33,-41.8,4.33,-2.28,0.0,-100.0,1.0,-32.52,81.37,2.24,2.0,-35.84,132.33,-49.97,73.33,-3.5,2.33,64.32,1.33,34.34,0.0,-100.0,0.0,-100.0,48.67,-0.0,-24.47,48.68
Reuben Ginbey,9.0,27.0,-12.06,5.0,10.0,-7.66,3.0,9.0,-39.99,4.0,16.0,98.12,0.0,0.0,-100.0,1.0,-3.0,52.44,0.0,0.0,-100.0,0.0,0.0,-100.0,14.0,-10.54,10.0,2.68,4.0,-18.1,0.0,-100.0,3.0,-32.3,0.0,-100.0,2.0,34.95,85.7,7.68,5.0,60.41,339.0,28.15,77.8,2.38,2.0,41.04,2.0,102.02,1.0,-11.66,1.0,-0.1,59.0,-0.0,-8.44,59.0
Rhett Bazzo,6.29,18.87,-38.54,6.0,12.0,10.8,4.5,13.5,-9.98,0.71,2.84,-64.83,0.0,0.0,-100.0,1.29,-3.87,96.65,0.0,0.0,-100.0,0.14,0.14,9.38,12.29,-21.46,8.07,-17.14,4.07,-16.67,0.86,51.68,3.64,-17.85,0.21,-67.64,1.0,-32.52,77.83,-2.21,1.93,-38.08,133.64,-49.48,77.39,1.84,1.79,26.23,1.0,1.01,0.0,-100.0,0.0,-100.0,43.5,-11.45,-32.49,43.48
Riley Bonner,16.5,49.5,61.23,4.54,9.08,-16.16,3.45,10.35,-30.99,2.4,9.6,18.87,0.44,0.44,-33.03,1.7,-5.1,159.15,0.0,0.0,-100.0,0.56,0.56,337.5,21.04,34.45,12.97,33.18,4.09,-16.26,0.01,-98.24,3.44,-22.37,1.98,205.08,1.45,-2.16,67.75,-14.87,6.36,104.04,471.33,78.18,63.98,-15.81,0.01,-99.29,0.18,-81.82,3.99,252.47,3.57,256.64,74.41,-6.86,15.48,74.43
Robbie Fox,8.93,26.79,-12.74,7.07,14.14,30.56,3.57,10.71,-28.59,2.0,8.0,-0.94,0.79,0.79,20.24,0.57,-1.71,-13.11,0.0,0.0,-100.0,0.0,0.0,-100.0,16.0,2.24,10.29,5.66,5.86,19.98,0.21,-62.96,3.36,-24.17,0.43,-33.74,0.43,-70.99,81.75,2.72,3.79,21.59,203.5,-23.07,69.77,-8.19,0.57,-59.8,0.21,-78.79,0.0,-100.0,0.0,-100.0,59.14,-17.86,-8.22,58.72
Robbie Tarrant,6.92,20.76,-32.38,4.0,8.0,-26.13,5.25,15.75,5.02,1.08,4.32,-46.51,0.42,0.42,-36.07,1.58,-4.74,140.85,0.0,0.0,-100.0,0.0,0.0,-100.0,10.92,-30.22,6.83,-29.87,4.17,-14.62,0.58,2.29,4.67,5.39,0.33,-49.15,0.92,-37.92,80.01,0.53,2.33,-25.25,188.33,-28.8,80.33,5.71,1.83,29.06,0.5,-49.49,0.08,-92.93,0.0,-100.0,44.5,-0.0,-30.94,44.51
Rory Atkins,16.86,50.58,64.74,8.28,16.56,52.91,4.28,12.84,-14.38,0.57,2.28,-71.77,0.72,0.72,9.59,0.71,-2.13,8.23,0.28,1.68,104.38,0.15,0.15,17.19,25.14,60.65,15.72,61.41,4.72,-3.36,0.0,-100.0,4.28,-3.41,1.14,75.65,3.0,102.43,76.84,-3.45,6.14,96.98,580.71,119.53,71.7,-5.65,0.57,-59.8,1.85,86.87,4.71,316.08,4.71,370.53,82.72,19.74,28.37,82.68
Rory Lobb,9.88,29.64,-3.46,5.5,11.0,1.57,6.5,19.5,30.03,2.0,8.0,-0.94,0.88,0.88,33.94,0.25,-0.75,-61.89,0.0,0.0,-100.0,0.0,0.0,-100.0,15.38,-1.72,8.38,-13.95,6.12,25.31,1.5,164.55,5.0,12.84,0.5,-22.96,1.5,1.21,73.18,-8.05,2.88,-7.6,272.0,2.83,68.4,-9.99,3.12,120.03,1.62,63.64,0.75,-33.75,0.75,-25.07,70.25,-0.0,9.02,68.27
Ryan Burton,13.57,40.71,32.6,5.61,11.22,3.6,4.7,14.1,-5.98,0.8,3.2,-60.38,0.11,0.11,-83.26,1.0,-3.0,52.44,0.47,2.82,243.07,0.42,0.42,228.12,19.18,22.56,12.25,25.78,4.01,-17.9,0.0,-100.0,4.7,6.07,1.79,175.81,4.46,200.94,69.13,-13.14,3.16,1.38,434.53,64.27,73.37,-3.45,0.06,-95.77,0.16,-83.84,3.45,204.77,3.37,236.66,69.6,4.14,8.01,69.58
Ryan Byrnes,10.0,30.0,-2.29,8.0,16.0,47.74,7.0,21.0,40.03,1.0,4.0,-50.47,0.0,0.0,-100.0,1.0,-3.0,52.44,0.0,0.0,-100.0,0.0,0.0,-100.0,18.0,15.02,12.0,23.22,5.0,2.38,0.0,-100.0,7.0,57.98,1.0,54.08,3.0,102.43,77.8,-2.24,2.0,-35.84,321.0,21.35,70.0,-7.89,0.0,-100.0,0.0,-100.0,0.0,-100.0,0.0,-100.0,68.0,-0.0,5.53,68.0
Ryan Gardner,6.43,19.29,-37.17,3.85,7.7,-28.9,3.97,11.91,-20.58,2.05,8.2,1.54,0.79,0.79,20.24,0.88,-2.64,34.15,0.15,0.9,9.49,0.0,0.0,-100.0,10.28,-34.31,6.43,-33.98,4.44,-9.09,0.53,-6.53,3.44,-22.37,0.15,-76.89,0.92,-37.92,79.18,-0.51,2.27,-27.17,175.91,-33.5,78.8,3.69,1.44,1.55,0.37,-62.63,0.0,-100.0,0.0,-100.0,46.09,-4.73,-28.47,46.15
Ryan Lester,9.99,29.97,-2.38,4.59,9.18,-15.24,5.35,16.05,7.02,1.83,7.32,-9.36,0.42,0.42,-36.07,0.09,-0.27,-86.28,0.0,0.0,-100.0,0.0,0.0,-100.0,14.58,-6.83,9.63,-1.12,4.75,-2.74,0.29,-48.85,5.06,14.2,0.34,-47.61,1.74,17.41,76.72,-3.6,2.42,-22.36,199.22,-24.69,72.18,-5.02,0.81,-42.88,1.34,35.35,0.53,-53.18,0.01,-99.0,62.67,-1.05,-2.74,62.67
Sam Collins,5.47,16.41,-46.55,3.22,6.44,-40.54,4.27,12.81,-14.58,0.27,1.08,-86.63,0.54,0.54,-17.81,0.07,-0.21,-89.33,0.0,0.0,-100.0,0.0,0.0,-100.0,8.69,-44.47,4.46,-54.2,4.66,-4.59,0.97,71.08,3.3,-25.52,0.46,-29.12,0.12,-91.9,85.83,7.85,2.1,-32.63,102.65,-61.19,89.0,17.12,2.54,79.13,0.57,-42.42,0.01,-99.12,0.0,-100.0,37.07,-22.47,-42.47,37.07
Sam Darcy,9.67,29.01,-5.51,3.0,6.0,-44.6,7.0,21.0,40.03,0.33,1.32,-83.66,1.0,1.0,52.21,0.33,-0.99,-49.7,0.67,4.02,389.05,0.67,0.67,423.44,12.67,-19.04,7.0,-28.12,6.0,22.85,2.0,252.73,5.0,12.84,0.0,-100.0,1.67,12.69,71.97,-9.57,0.67,-78.5,162.0,-38.76,69.37,-8.72,2.67,88.29,0.33,-66.67,0.0,-100.0,0.0,-100.0,62.33,-0.0,-3.27,62.03
Sam De Koning,6.95,20.85,-32.09,8.06,16.12,48.85,3.89,11.67,-22.18,1.33,5.32,-34.13,0.75,0.75,14.16,1.08,-3.24,64.63,0.15,0.9,9.49,0.0,0.0,-100.0,15.0,-4.15,8.23,-15.49,6.58,34.73,0.82,44.62,3.06,-30.94,1.25,92.6,1.39,-6.21,73.49,-7.66,1.97,-36.8,195.18,-26.21,63.81,-16.03,1.44,1.55,1.12,13.13,0.02,-98.23,0.01,-99.0,57.58,9.98,-10.64,52.37
Sam Docherty,18.19,54.57,77.74,9.43,18.86,74.15,7.04,21.12,40.83,2.76,11.04,36.7,1.0,1.0,52.21,0.57,-1.71,-13.11,0.28,1.68,104.38,0.0,0.0,-100.0,27.62,76.5,20.62,111.73,5.34,9.34,0.05,-91.18,7.0,57.98,1.85,185.05,2.43,63.97,75.69,-4.9,4.95,58.81,460.14,73.95,69.02,-9.18,1.04,-26.66,1.67,68.69,1.81,59.89,1.47,46.85,106.62,-1.81,65.46,106.56
Sam Flanders,22.0,66.0,114.97,7.8,15.6,44.04,8.0,24.0,60.03,2.2,8.8,8.96,1.4,1.4,113.09,1.0,-3.0,52.44,0.0,0.0,-100.0,0.2,0.2,56.25,29.8,90.43,20.0,105.36,6.2,26.95,0.0,-100.0,8.0,80.55,1.8,177.35,2.8,88.93,82.84,4.09,4.4,41.16,507.4,91.82,78.08,2.75,1.6,12.83,1.0,1.01,4.4,288.69,4.4,339.56,113.0,-0.0,75.37,113.0
Sam Frost,5.98,17.94,-41.57,5.07,10.14,-6.37,4.32,12.96,-13.58,1.99,7.96,-1.44,0.53,0.53,-19.33,0.77,-2.31,17.38,0.0,0.0,-100.0,0.02,0.02,-84.38,11.05,-29.39,6.9,-29.15,4.19,-14.21,0.63,11.11,3.68,-16.95,0.15,-76.89,0.49,-66.94,84.51,6.19,1.96,-37.12,116.03,-56.14,82.93,9.13,1.67,17.77,0.81,-18.18,0.0,-100.0,0.0,-100.0,47.34,-8.03,-26.53,47.24
Sam Skinner,4.0,12.0,-60.91,5.0,10.0,-7.66,2.5,7.5,-49.99,1.5,6.0,-25.71,0.5,0.5,-23.9,1.0,-3.0,52.44,0.0,0.0,-100.0,0.0,0.0,-100.0,9.0,-42.49,5.5,-43.53,4.0,-18.1,1.0,76.37,1.5,-66.15,0.0,-100.0,1.0,-32.52,95.0,19.37,1.0,-67.92,100.0,-62.2,100.0,31.59,1.5,5.78,0.5,-49.49,0.0,-100.0,0.0,-100.0,33.0,-0.0,-48.79,33.0
Sam Taylor,6.4,19.2,-37.46,6.63,13.26,22.44,5.15,15.45,3.02,2.1,8.4,4.01,1.06,1.06,61.34,0.61,-1.83,-7.01,0.0,0.0,-100.0,0.0,0.0,-100.0,13.04,-16.67,5.78,-40.65,7.05,44.35,2.03,258.02,3.13,-29.36,0.1,-84.59,0.34,-77.06,80.17,0.73,2.67,-14.34,107.34,-59.42,83.77,10.23,3.75,164.46,1.35,36.36,0.0,-100.0,0.0,-100.0,55.53,-8.94,-13.82,55.54
Scott Pendlebury,7.0,21.0,-31.6,14.0,28.0,158.54,3.0,9.0,-39.99,6.0,24.0,197.18,1.0,1.0,52.21,0.0,-0.0,-100.0,1.0,6.0,629.93,0.0,0.0,-100.0,21.0,34.19,17.0,74.56,7.0,43.33,0.0,-100.0,3.0,-32.3,4.0,516.33,2.0,34.95,71.4,-10.29,3.0,-3.75,219.0,-17.21,71.4,-6.04,0.0,-100.0,1.0,1.01,1.0,-11.66,0.0,-100.0,89.0,-0.0,38.12,89.0
Sebastian Ross,6.0,18.0,-41.37,4.0,8.0,-26.13,3.0,9.0,-39.99,3.0,12.0,48.59,0.0,0.0,-100.0,0.0,-0.0,-100.0,0.0,0.0,-100.0,0.0,0.0,-100.0,10.0,-36.1,5.0,-48.66,5.0,2.38,0.0,-100.0,3.0,-32.3,1.0,54.08,1.0,-32.52,60.0,-24.61,1.0,-67.92,131.0,-50.48,50.0,-34.2,0.0,-100.0,1.0,1.01,0.0,-100.0,0.0,-100.0,47.0,-0.0,-27.06,47.0
Shannon Hurn,15.0,45.0,46.57,4.75,9.5,-12.28,5.75,17.25,15.02,2.75,11.0,36.21,0.25,0.25,-61.95,0.5,-1.5,-23.78,0.0,0.0,-100.0,0.0,0.0,-100.0,19.75,26.21,9.25,-5.02,3.25,-33.46,0.5,-11.82,5.25,18.48,0.25,-61.48,0.5,-66.26,93.55,17.55,4.75,52.39,304.75,15.21,93.1,22.51,1.25,-11.85,0.25,-74.75,6.25,452.12,6.25,524.38,81.5,-0.0,26.48,81.5
Steele Sidebottom,16.0,48.0,56.34,5.0,10.0,-7.66,6.5,19.5,30.03,4.0,16.0,98.12,1.0,1.0,52.21,1.0,-3.0,52.44,0.0,0.0,-100.0,0.0,0.0,-100.0,21.0,34.19,12.0,23.22,8.0,63.8,0.0,-100.0,6.5,46.69,1.0,54.08,3.5,136.17,71.45,-10.22,5.0,60.41,456.5,72.57,65.3,-14.07,0.5,-64.74,0.0,-100.0,1.5,32.51,1.0,-0.1,91.5,-0.0,42.0,91.5
Steven May,16.36,49.08,59.86,2.97,5.94,-45.15,7.18,21.54,43.63,1.04,4.16,-48.49,0.62,0.62,-5.63,0.56,-1.68,-14.63,0.05,0.3,-63.5,0.01,0.01,-92.19,19.34,23.59,10.09,3.6,4.35,-10.93,1.18,108.11,6.0,35.41,0.08,-87.67,0.99,-33.2,83.32,4.69,6.42,105.97,411.29,55.48,84.25,10.87,2.78,96.05,1.48,49.49,5.7,403.53,4.82,381.52,79.99,5.93,24.14,79.97
Tarryn Thomas,9.5,28.5,-7.17,9.33,18.66,72.3,3.0,9.0,-39.99,5.17,20.68,156.07,0.5,0.5,-23.9,1.5,-4.5,128.66,1.33,7.98,870.8,0.33,0.33,157.81,18.83,20.33,9.67,-0.71,9.67,97.99,0.33,-41.8,2.67,-39.74,5.0,670.42,4.83,225.91,75.6,-5.01,0.5,-83.96,354.67,34.08,74.4,-2.1,0.67,-52.75,1.83,84.85,0.0,-100.0,0.0,-100.0,81.17,-0.0,25.97,81.15
Tim O'Brien,8.4,25.2,-17.92,3.8,7.6,-29.82,6.6,19.8,32.03,0.6,2.4,-70.28,0.6,0.6,-8.68,0.8,-2.4,21.95,0.0,0.0,-100.0,0.0,0.0,-100.0,12.2,-22.04,8.0,-17.86,4.4,-9.91,1.4,146.91,5.2,17.35,0.0,-100.0,0.6,-59.51,84.44,6.1,2.0,-35.84,125.6,-52.52,82.54,8.62,2.6,83.36,1.6,61.62,0.0,-100.0,0.0,-100.0,53.2,-0.0,-17.44,53.2
Toby Pink,5.0,15.0,-51.14,5.0,10.0,-7.66,3.5,10.5,-29.99,1.5,6.0,-25.71,0.5,0.5,-23.9,0.5,-1.5,-23.78,0.0,0.0,-100.0,0.0,0.0,-100.0,10.0,-36.1,7.5,-22.99,2.5,-48.81,0.5,-11.82,3.0,-32.3,0.0,-100.0,1.0,-32.52,80.0,0.52,1.5,-51.88,168.5,-36.3,75.0,-1.31,2.5,76.3,0.5,-49.49,0.0,-100.0,0.0,-100.0,40.5,-0.0,-37.15,40.5
Tom Barrass,10.07,30.21,-1.6,4.36,8.72,-19.48,7.51,22.53,50.23,0.82,3.28,-59.39,0.7,0.7,6.54,0.64,-1.92,-2.44,0.0,0.0,-100.0,0.0,0.0,-100.0,14.43,-7.79,8.75,-10.16,5.67,16.09,1.74,206.88,5.77,30.22,0.22,-66.1,0.57,-61.54,87.84,10.37,3.35,7.48,227.92,-13.84,87.12,14.64,3.89,174.33,0.52,-47.47,0.26,-77.03,0.05,-95.0,63.69,-2.2,-1.16,63.52
Tom Brown,5.0,15.0,-51.14,4.0,8.0,-26.13,3.0,9.0,-39.99,1.0,4.0,-50.47,0.0,0.0,-100.0,0.0,-0.0,-100.0,0.0,0.0,-100.0,0.0,0.0,-100.0,9.0,-42.49,4.0,-58.93,6.0,22.85,1.0,76.37,2.0,-54.86,0.0,-100.0,1.0,-32.52,55.6,-30.14,0.0,-100.0,53.0,-79.96,40.0,-47.36,2.0,41.04,0.0,-100.0,0.0,-100.0,0.0,-100.0,36.0,-0.0,-44.13,36.0
Tom Clurey,8.83,26.49,-13.72,1.33,2.66,-75.44,6.33,18.99,26.63,0.83,3.32,-58.89,0.67,0.67,1.98,0.67,-2.01,2.13,0.0,0.0,-100.0,0.0,0.0,-100.0,10.17,-35.01,7.5,-22.99,2.5,-48.81,0.5,-11.82,5.83,31.57,0.0,-100.0,0.33,-77.73,92.6,16.35,2.5,-19.79,142.5,-46.13,93.38,22.88,2.33,64.32,0.83,-16.16,0.5,-55.83,0.17,-83.02,50.17,-0.0,-22.14,50.12
Tom Doedee,7.52,22.56,-26.52,9.45,18.9,74.52,5.0,15.0,0.02,1.1,4.4,-45.52,0.21,0.21,-68.04,0.98,-2.94,49.39,0.0,0.0,-100.0,0.0,0.0,-100.0,16.98,8.51,13.29,36.46,3.45,-29.36,0.1,-82.36,4.9,10.58,0.02,-96.92,1.05,-29.15,82.22,3.31,2.17,-30.38,196.76,-25.62,72.99,-3.95,2.05,44.57,0.19,-80.81,0.98,-13.43,0.12,-88.01,58.14,-4.69,-9.77,58.13
Tom Jonas,7.1,21.3,-30.62,2.4,4.8,-55.68,4.6,13.8,-7.98,1.55,6.2,-23.23,0.93,0.93,41.55,0.52,-1.56,-20.73,0.0,0.0,-100.0,0.0,0.0,-100.0,9.5,-39.29,6.81,-30.07,2.76,-43.49,0.57,0.53,4.02,-9.28,0.05,-92.3,0.5,-66.26,69.58,-12.57,3.81,22.23,146.07,-44.78,65.53,-13.77,1.07,-24.54,0.9,-9.09,0.05,-95.58,0.02,-98.0,45.43,-7.29,-29.5,45.47
Tom McCartin,8.54,25.62,-16.55,4.52,9.04,-16.53,5.44,16.32,8.82,0.82,3.28,-59.39,0.78,0.78,18.72,0.82,-2.46,25.0,0.0,0.0,-100.0,0.0,0.0,-100.0,13.06,-16.54,7.76,-20.32,5.18,6.06,1.25,120.46,4.19,-5.44,0.06,-90.76,0.72,-51.42,77.1,-3.12,2.77,-11.13,177.42,-32.93,76.92,1.22,3.03,113.68,0.82,-17.17,0.06,-94.7,0.06,-94.01,52.59,9.65,-18.39,52.58
Tom McDonald,10.64,31.92,3.97,4.36,8.72,-19.48,5.45,16.35,9.02,1.73,6.92,-14.31,1.0,1.0,52.21,0.73,-2.19,11.28,0.0,0.0,-100.0,0.0,0.0,-100.0,15.0,-4.15,8.45,-13.24,5.64,15.48,1.0,76.37,4.45,0.43,0.09,-86.13,0.73,-50.74,79.43,-0.2,4.36,39.88,287.0,8.5,79.86,5.09,2.36,66.43,1.09,10.1,1.09,-3.71,0.55,-45.05,62.73,-0.0,-2.65,62.72
Tom Powell,2.0,6.0,-80.46,6.0,12.0,10.8,0.0,0.0,-100.0,4.0,16.0,98.12,0.0,0.0,-100.0,0.0,-0.0,-100.0,0.0,0.0,-100.0,0.0,0.0,-100.0,8.0,-48.88,1.0,-89.73,6.0,22.85,0.0,-100.0,0.0,-100.0,2.0,208.17,0.0,-100.0,62.5,-21.47,0.0,-100.0,37.0,-86.01,0.0,-100.0,0.0,-100.0,0.0,-100.0,0.0,-100.0,0.0,-100.0,34.0,-0.0,-47.24,34.0
Tom Stewart,15.67,47.01,53.12,6.34,12.68,17.08,6.62,19.86,32.43,3.38,13.52,67.41,0.91,0.91,38.51,0.74,-2.22,12.8,0.09,0.54,-34.31,0.18,0.18,40.62,22.01,40.65,10.77,10.59,8.31,70.15,1.02,79.89,5.59,26.16,2.08,220.49,1.94,30.9,71.57,-10.07,5.08,62.98,416.39,57.41,71.72,-5.62,2.08,46.69,2.44,146.46,2.84,150.88,2.75,174.73,92.5,-0.42,43.55,92.48
Trent McKenzie,9.28,27.84,-9.32,1.71,3.42,-68.42,3.83,11.49,-23.38,1.54,6.16,-23.72,0.38,0.38,-42.16,0.57,-1.71,-13.11,0.0,0.0,-100.0,0.0,0.0,-100.0,11.0,-29.71,5.43,-44.24,3.35,-31.41,0.93,64.02,2.91,-34.33,0.29,-55.32,0.97,-34.55,84.27,5.89,3.41,9.4,272.0,2.83,86.63,14.0,1.69,19.18,0.59,-40.4,2.21,95.23,2.14,113.79,47.65,4.24,-26.05,47.58
Trey Ruscoe,9.0,27.0,-12.06,2.0,4.0,-63.07,7.0,21.0,40.03,2.0,8.0,-0.94,1.0,1.0,52.21,1.0,-3.0,52.44,0.0,0.0,-100.0,0.0,0.0,-100.0,11.0,-29.71,6.0,-38.39,5.0,2.38,2.0,252.73,5.0,12.84,0.0,-100.0,2.0,34.95,100.0,25.65,4.0,28.33,168.0,-36.49,100.0,31.59,4.0,182.09,3.0,203.03,0.0,-100.0,0.0,-100.0,58.0,-0.0,-9.99,58.0
Tylar Young,9.21,27.63,-10.01,1.57,3.14,-71.01,5.86,17.58,17.22,0.86,3.44,-57.4,0.71,0.71,8.07,1.86,-5.58,183.54,0.0,0.0,-100.0,0.0,0.0,-100.0,10.79,-31.05,7.93,-18.57,2.36,-51.68,0.86,51.68,5.0,12.84,0.0,-100.0,1.43,-3.51,78.3,-1.62,3.57,14.53,259.71,-1.82,76.34,0.46,1.71,20.59,0.14,-85.86,0.5,-55.83,0.5,-50.05,46.93,1.75,-27.17,46.92
Wayne Milera,8.0,24.0,-21.83,6.0,12.0,10.8,4.0,12.0,-19.98,0.0,0.0,-100.0,1.0,1.0,52.21,0.0,-0.0,-100.0,0.0,0.0,-100.0,1.0,1.0,681.25,14.0,-10.54,10.0,2.68,4.0,-18.1,0.0,-100.0,4.0,-9.73,0.0,-100.0,0.0,-100.0,64.3,-19.21,1.0,-67.92,179.0,-32.33,37.5,-50.65,0.0,-100.0,0.0,-100.0,2.0,76.68,0.0,-100.0,50.0,-0.0,-22.4,50.0
Wil Powell,12.25,36.75,19.7,5.62,11.24,3.79,4.88,14.64,-2.38,2.5,10.0,23.82,0.75,0.75,14.16,0.75,-2.25,14.33,0.25,1.5,82.48,0.12,0.12,-6.25,17.88,14.26,9.62,-1.22,4.62,-5.41,0.5,-11.82,4.38,-1.15,0.38,-41.45,2.25,51.82,79.46,-0.16,5.5,76.45,461.5,74.46,78.32,3.06,2.5,76.3,0.88,-11.11,4.25,275.44,4.0,299.6,72.75,-0.0,12.9,72.75
Will Day,8.0,24.0,-21.83,14.0,28.0,158.54,4.0,12.0,-19.98,5.0,20.0,147.65,1.0,1.0,52.21,0.0,-0.0,-100.0,0.0,0.0,-100.0,0.0,0.0,-100.0,22.0,40.58,10.0,2.68,12.0,145.7,0.0,-100.0,4.0,-9.73,4.0,516.33,3.0,102.43,77.3,-2.87,2.0,-35.84,327.0,23.62,62.5,-17.76,0.0,-100.0,2.0,102.02,0.0,-100.0,0.0,-100.0,85.0,-0.0,31.91,85.0
Will Hamill,5.5,16.5,-46.26,8.0,16.0,47.74,2.0,6.0,-59.99,2.0,8.0,-0.94,1.0,1.0,52.21,0.0,-0.0,-100.0,0.0,0.0,-100.0,0.0,0.0,-100.0,13.5,-13.73,8.0,-17.86,6.0,22.85,0.0,-100.0,2.0,-54.86,0.0,-100.0,1.0,-32.52,90.9,14.22,1.5,-51.88,189.5,-28.36,100.0,31.59,2.0,41.04,1.5,51.52,0.0,-100.0,0.0,-100.0,47.5,-0.0,-26.28,47.5
Will Hoskin-Elliott,8.0,24.0,-21.83,1.0,2.0,-81.53,4.0,12.0,-19.98,1.0,4.0,-50.47,0.0,0.0,-100.0,2.0,-6.0,204.88,0.0,0.0,-100.0,0.0,0.0,-100.0,9.0,-42.49,7.0,-28.12,1.0,-79.52,0.0,-100.0,4.0,-9.73,0.0,-100.0,0.0,-100.0,77.8,-2.24,3.0,-3.75,277.0,4.72,75.0,-1.31,1.0,-29.48,1.0,1.01,1.0,-11.66,1.0,-0.1,36.0,-0.0,-44.13,36.0
Zac Fisher,16.0,48.0,56.34,10.67,21.34,97.05,2.33,6.99,-53.39,1.33,5.32,-34.13,0.67,0.67,1.98,1.33,-3.99,102.74,0.33,1.98,140.88,0.0,0.0,-100.0,26.67,70.43,19.33,98.48,6.0,22.85,0.0,-100.0,2.33,-47.42,1.67,157.32,2.33,57.22,76.73,-3.59,2.0,-35.84,405.33,53.23,60.0,-21.05,0.0,-100.0,1.67,68.69,1.33,17.49,1.33,32.87,80.33,-0.0,24.66,80.31
Zac Williams,12.71,38.13,24.19,4.53,9.06,-16.34,5.14,15.42,2.82,3.04,12.16,50.57,0.95,0.95,44.6,0.57,-1.71,-13.11,0.0,0.0,-100.0,0.28,0.28,118.75,17.24,10.17,11.19,14.9,5.62,15.07,0.33,-41.8,4.81,8.55,0.76,17.1,1.95,31.58,75.02,-5.74,4.09,31.22,326.53,23.44,76.61,0.81,0.62,-56.28,1.28,29.29,1.47,29.86,0.52,-48.05,74.33,14.06,15.35,74.29
Zach Guthrie,12.57,37.71,22.83,5.14,10.28,-5.08,6.86,20.58,37.23,1.57,6.28,-22.24,0.0,0.0,-100.0,1.29,-3.87,96.65,0.0,0.0,-100.0,0.0,0.0,-100.0,17.71,13.17,11.0,12.95,6.57,34.52,0.43,-24.16,6.43,45.11,0.0,-100.0,2.14,44.4,70.03,-12.01,3.29,5.55,358.29,35.45,66.49,-12.51,1.0,-29.48,0.86,-13.13,0.43,-62.01,0.43,-57.04,71.0,-5.02,10.19,70.98
Zach Reid,7.33,21.99,-28.38,3.67,7.34,-32.23,5.33,15.99,6.62,3.0,12.0,48.59,1.0,1.0,52.21,0.33,-0.99,-49.7,0.0,0.0,-100.0,0.0,0.0,-100.0,11.0,-29.71,7.0,-28.12,4.0,-18.1,0.0,-100.0,5.33,20.29,0.0,-100.0,0.0,-100.0,86.53,8.73,2.67,-14.34,166.67,-36.99,87.13,14.66,1.33,-6.21,0.33,-66.67,0.33,-70.85,0.0,-100.0,57.33,-0.0,-11.03,57.33
Zach Tuohy,8.0,24.0,-21.83,7.0,14.0,29.27,0.57,1.71,-88.6,1.14,4.56,-43.54,0.29,0.29,-55.86,0.0,-0.0,-100.0,0.86,5.16,527.74,1.0,1.0,681.25,15.0,-4.15,9.57,-1.74,5.14,5.24,0.0,-100.0,0.57,-87.14,0.86,32.51,2.43,63.97,83.1,4.42,1.14,-63.43,309.57,17.03,67.17,-11.61,0.14,-90.13,1.43,44.44,0.0,-100.0,0.0,-100.0,50.71,-27.56,-21.3,50.72
Zaine Cordy,5.86,17.58,-42.74,4.29,8.58,-20.78,4.0,12.0,-19.98,1.86,7.44,-7.88,0.43,0.43,-34.55,0.57,-1.71,-13.11,0.15,0.9,9.49,0.0,0.0,-100.0,10.14,-35.2,7.0,-28.12,3.29,-32.64,0.15,-73.54,3.86,-12.89,0.43,-33.74,0.0,-100.0,78.45,-1.43,2.86,-8.25,137.0,-48.21,71.87,-5.43,1.43,0.85,0.71,-28.28,0.0,-100.0,0.0,-100.0,45.14,-4.29,-29.95,45.22
League Average,10.234,,0.0,5.415,,0.0,4.999,,0.0,2.019,,0.0,0.657,,0.0,0.656,,0.0,0.137,,0.0,0.128,,0.0,15.649,0.0,9.739,0.0,4.884,0.0,0.567,0.0,4.431,0.0,0.649,0.0,1.482,0.0,79.586,0.0,3.117,0.0,264.525,0.0,75.993,0.0,1.418,0.0,0.99,0.0,1.132,0.0,1.001,0.0,64.437,0.0,0.0,64.24
