playerName,kicks W Mean,kicks FP,kicks Scalar,handballs W Mean,handballs FP,handballs Scalar,marks W Mean,marks FP,marks Scalar,tackles W Mean,tackles FP,tackles Scalar,freesFor W Mean,freesFor FP,freesFor Scalar,freesAgainst W Mean,freesAgainst FP,freesAgainst Scalar,goals W Mean,goals FP,goals Scalar,behinds W Mean,behinds FP,behinds Scalar,disposals W Mean,disposals Scalar,uncontestedPossessions W Mean,uncontestedPossessions Scalar,contestedPossessions W Mean,contestedPossessions Scalar,contestedMarks W Mean,contestedMarks Scalar,uncontestedMarks W Mean,uncontestedMarks Scalar,clearances.totalClearances W Mean,clearances.totalClearances Scalar,inside50s W Mean,inside50s Scalar,marksInside50 W Mean,marksInside50 Scalar,disposalEfficiency W Mean,disposalEfficiency Scalar,rebound50s W Mean,rebound50s Scalar,goalAssists W Mean,goalAssists Scalar,tacklesInside50 W Mean,tacklesInside50 Scalar,metresGained W Mean,metresGained Scalar,extendedStats.groundBallGets W Mean,extendedStats.groundBallGets Scalar,extendedStats.scoreLaunches W Mean,extendedStats.scoreLaunches Scalar,extendedStats.centreBounceAttendances W Mean,extendedStats.centreBounceAttendances Scalar,dreamTeamPoints W Mean,dreamTeamPoints Trend,dreamTeamPoints Scalar,dreamTeamPoints FP
Aaron Black,11.0,33.0,8.31,4.0,8.0,-52.78,4.0,12.0,9.41,2.0,8.0,-42.92,0.0,0.0,-100.0,0.0,-0.0,-100.0,1.0,6.0,126.76,0.0,0.0,-100.0,15.0,-19.47,9.0,-20.13,5.0,-32.16,0.0,-100.0,4.0,16.69,4.0,40.7,3.0,-0.83,0.0,-100.0,66.7,-5.63,0.0,-100.0,0.0,-100.0,1.0,93.8,329.0,14.65,5.0,-4.4,2.0,74.67,2.0,-78.78,67.0,-0.0,-9.74,67.0
Adam Cerra,11.6,34.8,14.22,10.86,21.72,28.2,2.7,8.1,-26.15,4.28,17.12,22.15,1.03,1.03,12.45,0.73,-2.19,-14.22,0.64,3.84,45.12,0.47,0.47,27.72,22.47,20.63,14.63,29.83,7.94,7.73,0.14,-38.6,2.56,-25.32,3.51,23.46,3.33,10.08,0.21,-45.6,75.08,6.23,0.62,-57.71,0.52,25.6,0.76,47.29,328.29,14.4,5.82,11.28,1.38,20.52,18.39,95.16,84.88,-7.18,14.34,84.89
Adam Treloar,14.4,43.2,41.79,16.6,33.2,95.96,3.11,9.33,-14.93,4.79,19.16,36.7,1.03,1.03,12.45,0.99,-2.97,16.33,0.56,3.36,26.98,0.33,0.33,-10.33,31.0,66.43,19.07,69.23,11.54,56.58,0.09,-60.53,3.02,-11.9,5.79,103.66,4.6,52.07,0.16,-58.55,71.64,1.36,1.89,28.92,0.54,30.43,0.61,18.22,392.71,36.85,9.33,78.39,1.98,72.93,22.22,135.81,106.61,4.42,43.62,106.64
Alex Cincotta,4.0,12.0,-60.61,7.0,14.0,-17.37,2.0,6.0,-45.3,3.0,12.0,-14.38,0.5,0.5,-45.41,0.5,-1.5,-41.25,0.5,3.0,13.38,0.0,0.0,-100.0,11.0,-40.95,6.0,-46.76,6.5,-11.8,0.0,-100.0,2.0,-41.66,3.0,5.52,3.0,-0.83,0.0,-100.0,71.8,1.59,0.0,-100.0,0.0,-100.0,0.0,-100.0,130.0,-54.7,4.0,-23.52,0.0,-100.0,3.5,-62.86,46.0,-0.0,-38.03,46.0
Alex Neal-Bullen,8.29,24.87,-18.37,9.43,18.86,11.32,3.29,9.87,-10.01,6.43,25.72,83.5,1.14,1.14,24.45,2.14,-6.42,151.47,0.28,1.68,-36.51,0.28,0.28,-23.91,17.72,-4.87,11.0,-2.39,8.57,16.28,0.28,22.81,3.0,-12.49,1.14,-59.9,3.29,8.76,0.28,-27.46,67.46,-4.55,0.86,-41.34,0.0,-100.0,1.0,93.8,237.71,-17.17,7.0,33.84,1.43,24.89,1.57,-83.34,76.0,-4.2,2.38,76.0
Alex Sexton,19.0,57.0,87.08,13.0,26.0,53.46,10.0,30.0,173.52,3.0,12.0,-14.38,1.0,1.0,9.17,0.0,-0.0,-100.0,0.0,0.0,-100.0,0.0,0.0,-100.0,32.0,71.79,26.0,130.72,5.0,-32.16,0.0,-100.0,10.0,191.72,3.0,5.52,6.0,98.35,0.0,-100.0,81.3,15.03,7.0,377.49,1.0,141.55,0.0,-100.0,837.0,191.67,4.0,-23.52,4.0,249.34,0.0,-100.0,126.0,-0.0,69.74,126.0
Andrew Brayshaw,13.35,40.05,31.45,15.42,30.84,82.03,4.05,12.15,10.78,5.19,20.76,48.12,1.5,1.5,63.76,1.35,-4.05,58.64,0.34,2.04,-22.9,0.57,0.57,54.89,28.77,54.45,17.69,56.98,10.67,44.78,0.04,-82.46,4.0,16.69,5.24,84.31,3.68,21.65,0.42,8.81,71.36,0.96,1.5,2.32,0.52,25.6,0.56,8.53,359.66,25.33,7.27,39.01,1.51,31.88,19.44,106.3,103.85,-4.47,39.9,103.86
Andrew Gaff,12.26,36.78,20.72,8.49,16.98,0.22,3.09,9.27,-15.48,0.4,1.6,-88.58,0.97,0.97,5.9,0.14,-0.42,-83.55,0.86,5.16,95.01,0.02,0.02,-94.57,20.75,11.4,14.07,24.86,6.78,-8.01,0.0,-100.0,3.09,-9.86,1.11,-60.96,1.05,-65.29,0.07,-81.87,75.25,6.47,2.0,36.43,0.0,-100.0,0.06,-88.37,354.52,23.54,4.1,-21.61,0.92,-19.65,1.01,-89.28,70.38,-4.23,-5.19,70.36
Andrew McGrath,10.6,31.8,4.37,12.6,25.2,48.74,4.8,14.4,31.29,3.0,12.0,-14.38,1.2,1.2,31.0,0.2,-0.6,-76.5,0.0,0.0,-100.0,0.2,0.2,-45.65,23.2,24.55,15.0,33.11,8.8,19.4,0.0,-100.0,4.8,40.02,3.4,19.59,2.6,-14.05,0.4,3.63,83.52,18.17,2.0,36.43,0.2,-51.69,0.2,-61.24,300.8,4.82,5.8,10.9,0.8,-30.13,13.6,44.33,84.2,-0.0,13.43,84.2
Angus Brayshaw,13.61,40.83,34.01,15.15,30.3,78.85,3.47,10.41,-5.09,4.68,18.72,33.56,0.68,0.68,-25.76,0.11,-0.33,-87.07,0.0,0.0,-100.0,0.28,0.28,-23.91,28.75,54.35,16.82,49.26,12.07,63.77,0.15,-34.21,3.32,-3.15,5.53,94.51,5.14,69.92,0.15,-61.14,67.38,-4.67,1.68,14.6,0.5,20.77,0.18,-65.12,361.78,26.07,8.61,64.63,0.85,-25.76,19.93,111.5,100.86,-2.08,35.87,100.89
Anthony Scott,6.0,18.0,-40.92,1.0,2.0,-88.2,1.0,3.0,-72.65,2.0,8.0,-42.92,1.0,1.0,9.17,1.0,-3.0,17.51,1.0,6.0,126.76,0.0,0.0,-100.0,7.0,-62.42,5.0,-55.63,3.0,-59.29,1.0,338.6,0.0,-100.0,1.0,-64.83,5.0,65.29,0.0,-100.0,57.1,-19.21,0.0,-100.0,1.0,141.55,0.0,-100.0,223.0,-22.29,1.0,-80.88,0.0,-100.0,0.0,-100.0,35.0,-0.0,-52.85,35.0
Archie Perkins,9.36,28.08,-7.84,8.43,16.86,-0.48,3.93,11.79,7.49,4.0,16.0,14.16,1.07,1.07,16.81,1.07,-3.21,25.73,0.0,0.0,-100.0,0.36,0.36,-2.17,17.79,-4.49,12.07,7.11,6.36,-13.7,0.21,-7.89,3.71,8.23,1.5,-47.24,2.71,-10.41,0.57,47.67,69.68,-1.41,1.0,-31.79,0.29,-29.95,0.86,66.67,227.43,-20.75,4.43,-15.3,0.93,-18.78,14.64,55.36,70.93,17.97,-4.45,70.95
Bailey Humphrey,6.86,20.58,-32.45,4.28,8.56,-49.47,1.57,4.71,-57.06,2.28,9.12,-34.93,1.72,1.72,87.77,0.57,-1.71,-33.02,0.72,4.32,63.27,0.72,0.72,95.65,11.14,-40.19,5.43,-51.81,5.86,-20.49,0.0,-100.0,1.57,-54.2,3.0,5.52,3.29,8.76,0.57,47.67,80.47,13.85,0.0,-100.0,1.14,175.36,0.72,39.53,212.86,-25.82,3.0,-42.64,1.29,12.66,5.85,-37.92,48.0,-3.35,-35.34,48.02
Bailey Scott,13.0,39.0,28.0,4.0,8.0,-52.78,2.0,6.0,-45.3,2.0,8.0,-42.92,0.0,0.0,-100.0,1.0,-3.0,17.51,0.0,0.0,-100.0,0.0,0.0,-100.0,17.0,-8.73,14.0,24.23,2.0,-72.86,0.0,-100.0,2.0,-41.66,0.0,-100.0,5.0,65.29,0.0,-100.0,58.8,-16.81,2.0,36.43,1.0,141.55,0.0,-100.0,527.0,83.64,2.0,-61.76,1.0,-12.66,0.0,-100.0,58.0,-0.0,-21.87,58.0
Bailey Smith,13.86,41.58,36.47,12.29,24.58,45.08,1.89,5.67,-48.3,2.93,11.72,-16.38,0.21,0.21,-77.07,0.04,-0.12,-95.3,0.54,3.24,22.45,0.54,0.54,46.74,26.14,40.33,17.39,54.32,8.82,19.67,0.0,-100.0,1.89,-44.87,4.04,42.1,4.93,62.98,0.0,-100.0,54.33,-23.13,1.75,19.37,0.11,-73.43,0.21,-59.3,441.86,53.97,7.39,41.3,1.14,-0.44,12.86,36.47,87.39,-10.6,17.73,87.42
Ben Ainsworth,9.5,28.5,-6.46,4.5,9.0,-46.88,4.0,12.0,9.41,1.0,4.0,-71.46,0.5,0.5,-45.41,0.0,-0.0,-100.0,1.5,9.0,240.14,0.5,0.5,35.87,14.0,-24.84,10.0,-11.26,3.5,-52.51,0.5,119.3,3.5,2.1,0.5,-82.41,3.0,-0.83,1.5,288.6,56.75,-19.71,1.0,-31.79,0.0,-100.0,0.5,-3.1,344.5,20.05,3.0,-42.64,0.5,-56.33,0.5,-94.69,63.5,-0.0,-14.46,63.5
Ben Cunnington,7.96,23.88,-21.62,13.97,27.94,64.92,2.82,8.46,-22.87,2.74,10.96,-21.8,0.86,0.86,-6.11,1.25,-3.75,46.89,0.37,2.22,-16.1,0.25,0.25,-32.07,21.93,17.73,10.98,-2.56,11.93,61.87,0.12,-47.37,2.7,-21.24,6.11,114.91,2.59,-14.38,0.25,-35.23,75.27,6.5,0.74,-49.52,0.49,18.36,0.49,-5.04,202.95,-29.28,7.61,45.51,0.93,-18.78,16.45,74.57,70.81,12.08,-4.61,70.82
Ben Hobbs,13.67,41.01,34.6,8.67,17.34,2.35,6.33,18.99,73.14,5.33,21.32,52.11,1.0,1.0,9.17,2.33,-6.99,173.8,0.67,4.02,51.93,0.33,0.33,-10.33,22.33,19.88,15.67,39.05,7.67,4.07,0.0,-100.0,6.33,84.66,4.0,40.7,4.0,32.23,0.67,73.58,66.47,-5.95,1.33,-9.28,0.0,-100.0,1.0,93.8,316.33,10.23,5.67,8.41,1.33,16.16,12.0,27.35,97.0,-0.0,30.67,97.02
Ben Keays,10.47,31.41,3.09,6.19,12.38,-26.93,4.46,13.38,21.99,2.85,11.4,-18.66,0.5,0.5,-45.41,0.45,-1.35,-47.12,1.17,7.02,165.31,0.77,0.77,109.24,16.67,-10.51,9.7,-13.92,5.77,-21.71,0.09,-60.53,4.37,27.48,1.78,-37.39,2.91,-3.8,1.42,267.88,62.05,-12.21,0.53,-63.85,0.91,119.81,1.17,126.74,277.67,-3.24,4.53,-13.38,0.49,-57.21,1.8,-80.9,75.53,-11.18,1.75,75.51
Blake Drury,5.0,15.0,-50.77,6.0,12.0,-29.17,3.0,9.0,-17.94,3.0,12.0,-14.38,1.0,1.0,9.17,0.0,-0.0,-100.0,0.0,0.0,-100.0,0.0,0.0,-100.0,11.0,-40.95,9.0,-20.13,2.0,-72.86,0.0,-100.0,3.0,-12.49,0.0,-100.0,1.0,-66.94,0.0,-100.0,63.6,-10.01,0.0,-100.0,0.0,-100.0,0.0,-100.0,129.0,-55.05,2.0,-61.76,1.0,-12.66,0.0,-100.0,49.0,-0.0,-33.99,49.0
Blake Hardwick,9.86,29.58,-2.91,4.29,8.58,-49.36,2.57,7.71,-29.7,3.71,14.84,5.88,1.29,1.29,40.83,0.43,-1.29,-49.47,0.0,0.0,-100.0,0.0,0.0,-100.0,14.14,-24.09,8.43,-25.19,5.0,-32.16,0.43,88.6,2.14,-37.57,0.57,-79.95,1.86,-38.51,0.0,-100.0,89.27,26.31,4.14,182.4,0.0,-100.0,0.0,-100.0,280.71,-2.18,2.86,-45.32,1.43,24.89,0.0,-100.0,60.71,-14.79,-18.22,60.71
Brad Crouch,12.13,36.39,19.44,15.33,30.66,80.97,3.62,10.86,-0.98,6.01,24.04,71.52,1.06,1.06,15.72,1.03,-3.09,21.03,0.38,2.28,-13.83,0.18,0.18,-51.09,27.46,47.42,15.34,36.13,11.95,62.14,0.04,-82.46,3.58,4.43,5.73,101.55,3.15,4.13,0.24,-37.82,68.76,-2.71,1.42,-3.14,0.46,11.11,0.74,43.41,270.64,-5.69,7.81,49.33,1.04,-9.17,18.81,99.62,102.38,1.53,37.92,102.38
Brady Hough,9.5,28.5,-6.46,5.5,11.0,-35.07,6.0,18.0,64.11,1.5,6.0,-57.19,0.5,0.5,-45.41,2.0,-6.0,135.02,0.0,0.0,-100.0,0.0,0.0,-100.0,15.0,-19.47,12.5,10.92,2.5,-66.08,0.0,-100.0,6.0,75.03,1.0,-64.83,2.5,-17.36,0.0,-100.0,77.5,9.65,1.0,-31.79,0.0,-100.0,0.0,-100.0,219.5,-23.51,1.5,-71.32,0.5,-56.33,0.0,-100.0,58.0,-0.0,-21.87,58.0
Brandan Parfitt,9.44,28.32,-7.05,7.56,15.12,-10.75,1.16,3.48,-68.27,7.53,30.12,114.9,0.31,0.31,-66.16,1.71,-5.13,100.94,0.15,0.9,-65.99,0.29,0.29,-21.2,16.99,-8.79,7.82,-30.61,9.03,22.52,0.28,22.81,0.88,-74.33,5.68,99.79,3.85,27.27,0.29,-24.87,54.19,-23.33,1.27,-13.37,0.29,-29.95,0.43,-16.67,317.32,10.58,6.73,28.68,1.27,10.92,18.46,95.9,73.38,-5.9,-1.15,73.41
Brayden Fiorini,8.57,25.71,-15.62,5.86,11.72,-30.82,1.29,3.87,-64.72,1.0,4.0,-71.46,1.71,1.71,86.68,0.0,-0.0,-100.0,0.86,5.16,95.01,0.14,0.14,-61.96,14.43,-22.53,5.43,-51.81,7.29,-1.09,0.0,-100.0,1.29,-62.37,0.43,-84.88,2.43,-19.67,0.86,122.8,74.93,6.02,1.14,-22.24,0.0,-100.0,1.0,93.8,239.0,-16.72,5.57,6.5,3.14,174.24,0.0,-100.0,52.29,-5.78,-29.56,52.31
Brayden Ham,6.0,18.0,-40.92,5.0,10.0,-40.98,1.0,3.0,-72.65,3.0,12.0,-14.38,0.0,0.0,-100.0,1.0,-3.0,17.51,0.0,0.0,-100.0,1.0,1.0,171.74,11.0,-40.95,7.0,-37.88,4.0,-45.73,0.0,-100.0,1.0,-70.83,1.0,-64.83,3.0,-0.83,0.0,-100.0,63.6,-10.01,1.0,-31.79,2.0,383.09,0.0,-100.0,255.0,-11.14,4.0,-23.52,0.0,-100.0,0.0,-100.0,41.0,-0.0,-44.77,41.0
Caleb Daniel,15.0,45.0,47.7,9.75,19.5,15.1,5.5,16.5,50.44,3.25,13.0,-7.25,0.25,0.25,-72.71,0.25,-0.75,-70.62,0.5,3.0,13.38,0.0,0.0,-100.0,24.75,32.87,19.75,75.26,5.25,-28.77,0.0,-100.0,5.5,60.44,1.5,-47.24,4.0,32.23,0.25,-35.23,81.4,15.17,3.0,104.64,1.5,262.32,0.0,-100.0,383.5,33.64,3.25,-37.86,1.25,9.17,4.5,-52.24,96.5,-0.0,30.0,96.5
Caleb Serong,13.84,41.52,36.27,15.64,31.28,84.63,2.92,8.76,-20.13,4.96,19.84,41.55,1.49,1.49,62.66,0.54,-1.62,-36.55,0.43,2.58,-2.49,0.39,0.39,5.98,29.48,58.26,15.81,40.3,13.63,84.94,0.08,-64.91,2.83,-17.44,7.55,165.56,4.58,51.4,0.2,-48.19,69.04,-2.32,1.96,33.7,0.62,49.76,0.51,-1.16,395.54,37.83,9.5,81.64,1.6,39.74,21.09,123.81,104.21,4.1,40.38,104.24
Callan Ward,8.72,26.16,-14.14,7.85,15.7,-7.33,3.26,9.78,-10.83,3.98,15.92,13.58,0.58,0.58,-36.68,0.29,-0.87,-65.92,0.04,0.24,-90.93,0.08,0.08,-78.26,16.58,-10.99,10.26,-8.95,6.53,-11.4,0.02,-91.23,3.24,-5.48,2.4,-15.58,2.33,-22.98,0.22,-43.01,72.03,1.91,1.82,24.15,0.11,-73.43,0.24,-53.49,223.06,-22.27,5.12,-2.1,1.21,5.68,12.6,33.72,67.63,-11.98,-8.89,67.59
Callum Mills,13.06,39.18,28.59,8.59,17.18,1.4,6.21,18.63,69.86,1.64,6.56,-53.2,0.97,0.97,5.9,0.65,-1.95,-23.62,0.35,2.1,-20.63,0.04,0.04,-89.13,21.66,16.28,13.68,21.39,6.86,-6.92,0.05,-78.07,6.16,79.7,0.67,-76.43,1.38,-54.38,0.05,-87.05,83.68,18.4,3.95,169.44,0.08,-80.68,0.12,-76.74,269.83,-5.97,5.68,8.6,1.31,14.41,1.87,-80.15,82.74,-12.16,11.46,82.71
Cam Mackenzie,8.18,24.54,-19.46,4.36,8.72,-48.53,2.71,8.13,-25.88,2.18,8.72,-37.79,0.0,0.0,-100.0,0.61,-1.83,-28.32,0.93,5.58,110.88,0.07,0.07,-80.98,12.54,-32.68,8.11,-28.03,5.04,-31.61,0.0,-100.0,2.71,-20.95,2.39,-15.93,2.14,-29.26,0.0,-100.0,71.24,0.8,1.71,16.64,0.14,-66.18,0.43,-16.67,235.57,-17.91,4.07,-22.18,0.93,-18.78,2.89,-69.33,53.93,0.33,-27.35,53.93
Cam Rayner,7.34,22.02,-27.73,6.41,12.82,-24.33,3.18,9.54,-13.02,3.33,13.32,-4.97,0.86,0.86,-6.11,0.46,-1.38,-45.95,1.18,7.08,167.57,0.73,0.73,98.37,13.75,-26.18,6.79,-39.75,6.9,-6.38,0.86,277.19,2.33,-32.03,2.04,-28.24,2.91,-3.8,0.79,104.66,68.03,-3.75,0.61,-58.39,0.8,93.24,1.47,184.88,228.05,-20.53,4.59,-12.24,1.05,-8.3,5.59,-40.68,65.05,19.11,-12.37,64.99
Cameron Guthrie,9.9,29.7,-2.52,8.32,16.64,-1.78,3.46,10.38,-5.36,3.63,14.52,3.6,1.23,1.23,34.28,0.23,-0.69,-72.97,0.01,0.06,-97.73,0.01,0.01,-97.28,18.23,-2.13,9.45,-16.14,7.47,1.36,0.3,31.58,3.16,-7.82,3.34,17.48,1.89,-37.52,0.03,-92.23,58.97,-16.57,1.91,30.29,0.31,-25.12,0.09,-82.56,201.99,-29.61,4.61,-11.85,1.58,37.99,13.81,46.56,71.9,-15.09,-3.14,71.85
Cameron Zurhaar,12.0,36.0,18.16,3.0,6.0,-64.59,3.0,9.0,-17.94,2.0,8.0,-42.92,2.0,2.0,118.34,3.0,-9.0,252.53,3.0,18.0,580.27,2.0,2.0,443.48,15.0,-19.47,8.0,-29.01,8.0,8.55,1.0,338.6,2.0,-41.66,3.0,5.52,7.0,131.4,1.0,159.07,80.0,13.19,0.0,-100.0,0.0,-100.0,1.0,93.8,369.0,28.58,6.0,14.72,2.0,74.67,9.0,-4.49,72.0,-0.0,-3.01,72.0
Chad Warner,14.15,42.45,39.33,9.53,19.06,12.5,3.93,11.79,7.49,3.57,14.28,1.88,0.74,0.74,-19.21,1.24,-3.72,45.71,1.31,7.86,197.05,0.79,0.79,114.67,23.69,27.18,15.27,35.5,8.9,20.76,0.21,-7.89,3.72,8.52,3.95,38.94,5.32,75.87,0.63,63.21,66.47,-5.95,1.24,-15.42,0.95,129.47,0.3,-41.86,452.66,57.74,6.46,23.52,1.75,52.84,17.92,90.17,93.28,1.06,25.66,93.25
Chad Wingard,7.0,21.0,-31.08,4.33,8.66,-48.88,2.33,6.99,-36.27,1.67,6.68,-52.34,0.67,0.67,-26.86,2.0,-6.0,135.02,2.33,13.98,428.34,0.0,0.0,-100.0,11.33,-39.17,6.67,-40.81,3.33,-54.82,0.0,-100.0,2.33,-32.03,0.67,-76.43,4.0,32.23,1.0,159.07,62.97,-10.91,0.0,-100.0,0.67,61.84,1.33,157.75,207.33,-27.75,2.67,-48.95,0.0,-100.0,9.67,2.62,52.0,-0.0,-29.95,51.98
Changkuoth Jiath,8.4,25.2,-17.29,5.6,11.2,-33.89,4.2,12.6,14.88,1.8,7.2,-48.63,0.8,0.8,-12.66,0.8,-2.4,-5.99,0.4,2.4,-9.3,0.8,0.8,117.39,14.0,-24.84,9.8,-13.04,4.2,-43.01,0.0,-100.0,4.2,22.52,0.8,-71.86,2.2,-27.27,0.6,55.44,77.12,9.11,1.6,9.14,0.0,-100.0,0.2,-61.24,264.4,-7.86,3.4,-34.99,1.4,22.27,0.0,-100.0,57.8,-0.0,-22.14,57.8
Chayce Jones,8.43,25.29,-16.99,6.43,12.86,-24.09,1.0,3.0,-72.65,3.71,14.84,5.88,1.0,1.0,9.17,2.0,-6.0,135.02,0.14,0.84,-68.25,0.0,0.0,-100.0,14.86,-20.22,5.0,-55.63,10.57,43.42,0.0,-100.0,1.0,-70.83,2.29,-19.45,3.0,-0.83,0.0,-100.0,52.86,-25.21,2.29,56.21,0.0,-100.0,0.29,-43.8,274.29,-4.42,9.57,82.98,1.86,62.45,0.0,-100.0,51.86,-22.02,-30.14,51.83
Christian Petracca,11.81,35.43,16.29,12.32,24.64,45.44,4.41,13.23,20.62,3.15,12.6,-10.1,0.71,0.71,-22.49,0.53,-1.59,-37.72,1.09,6.54,147.17,1.0,1.0,171.74,24.14,29.6,12.72,12.88,11.27,52.92,0.56,145.61,3.86,12.6,4.56,60.39,5.36,77.19,0.85,120.21,71.64,1.36,0.46,-68.62,1.41,240.58,0.84,62.79,410.51,43.05,7.59,45.12,1.75,52.84,14.71,56.11,92.57,-6.07,24.7,92.56
Christian Salem,16.67,50.01,64.14,6.0,12.0,-29.17,4.67,14.01,27.74,2.0,8.0,-42.92,0.0,0.0,-100.0,1.33,-3.99,56.29,0.0,0.0,-100.0,0.0,0.0,-100.0,22.67,21.71,12.67,12.43,7.67,4.07,0.33,44.74,4.33,26.31,2.67,-6.09,3.0,-0.83,0.0,-100.0,66.73,-5.59,3.67,150.34,0.0,-100.0,0.0,-100.0,401.0,39.74,6.0,14.72,0.33,-71.18,3.0,-68.16,80.0,-0.0,7.77,80.03
Clayton Oliver,11.25,33.75,10.77,13.24,26.48,56.3,2.79,8.37,-23.69,4.74,18.96,35.27,1.0,1.0,9.17,1.82,-5.46,113.87,0.22,1.32,-50.11,0.12,0.12,-67.39,24.49,31.48,12.01,6.58,12.23,65.94,0.0,-100.0,2.79,-18.61,5.17,81.85,3.96,30.91,0.07,-81.87,66.57,-5.81,1.48,0.95,0.54,30.43,0.72,39.53,333.73,16.29,8.99,71.89,1.49,30.13,19.41,105.99,84.49,-16.9,13.82,84.54
Connor Macdonald,8.0,24.0,-21.23,7.0,14.0,-17.37,0.0,0.0,-100.0,3.0,12.0,-14.38,0.0,0.0,-100.0,0.0,-0.0,-100.0,1.0,6.0,126.76,2.0,2.0,443.48,15.0,-19.47,10.0,-11.26,6.0,-18.59,0.0,-100.0,0.0,-100.0,0.0,-100.0,4.0,32.23,0.0,-100.0,66.7,-5.63,0.0,-100.0,0.0,-100.0,2.0,287.6,321.0,11.86,5.0,-4.4,0.0,-100.0,0.0,-100.0,58.0,-0.0,-21.87,58.0
Connor Rozee,14.01,42.03,37.95,10.74,21.48,26.79,4.45,13.35,21.72,3.94,15.76,12.44,1.03,1.03,12.45,0.96,-2.88,12.81,0.78,4.68,76.87,0.71,0.71,92.93,24.75,32.87,15.07,33.73,8.74,18.59,0.03,-86.84,4.43,29.23,4.15,45.97,4.56,50.74,0.49,26.94,69.65,-1.45,1.43,-2.46,0.35,-15.46,0.55,6.59,384.38,33.94,6.0,14.72,1.13,-1.31,17.17,82.21,96.21,-1.29,29.61,96.16
Connor West,4.0,12.0,-60.61,6.0,12.0,-29.17,1.0,3.0,-72.65,4.0,16.0,14.16,1.0,1.0,9.17,3.0,-9.0,252.53,1.0,6.0,126.76,0.0,0.0,-100.0,10.0,-46.31,8.0,-29.01,3.0,-59.29,0.0,-100.0,1.0,-70.83,0.0,-100.0,1.0,-66.94,0.0,-100.0,80.0,13.19,0.0,-100.0,0.0,-100.0,0.0,-100.0,206.0,-28.22,2.0,-61.76,0.0,-100.0,8.0,-15.1,41.0,-0.0,-44.77,41.0
Conor Nash,8.42,25.26,-17.09,11.73,23.46,38.47,2.36,7.08,-35.45,5.37,21.48,53.25,0.47,0.47,-48.69,1.07,-3.21,25.73,0.01,0.06,-97.73,0.06,0.06,-83.7,20.15,8.18,11.39,1.07,8.88,20.49,0.0,-100.0,2.36,-31.16,4.67,64.26,2.91,-3.8,0.17,-55.96,66.08,-6.51,1.45,-1.09,0.74,78.74,0.98,89.92,233.49,-18.64,6.1,16.63,0.88,-23.14,18.22,93.36,75.69,12.12,1.96,74.66
Curtis Taylor,7.21,21.63,-29.01,2.89,5.78,-65.88,5.79,17.37,58.37,2.79,11.16,-20.38,0.14,0.14,-84.72,0.04,-0.12,-95.3,0.89,5.34,101.81,0.04,0.04,-89.13,10.11,-45.72,8.04,-28.65,2.14,-70.96,0.04,-82.46,5.75,67.74,0.04,-98.59,1.29,-57.36,0.93,140.93,86.46,22.33,0.14,-90.45,0.07,-83.09,0.11,-78.68,159.0,-44.59,2.0,-61.76,0.04,-96.51,0.07,-99.26,61.36,7.18,-17.34,61.34
Dan Hannebery,12.0,36.0,18.16,15.0,30.0,77.07,5.0,15.0,36.76,1.0,4.0,-71.46,0.0,0.0,-100.0,0.0,-0.0,-100.0,1.0,6.0,126.76,0.0,0.0,-100.0,27.0,44.95,17.0,50.86,10.0,35.69,0.0,-100.0,5.0,45.86,5.0,75.87,5.0,65.29,0.0,-100.0,70.4,-0.39,1.0,-31.79,1.0,141.55,0.0,-100.0,393.0,36.95,8.0,52.96,2.0,74.67,1.0,-89.39,91.0,-0.0,22.59,91.0
Dan Houston,12.0,36.0,18.16,3.0,6.0,-64.59,4.0,12.0,9.41,4.0,16.0,14.16,0.0,0.0,-100.0,1.0,-3.0,17.51,1.0,6.0,126.76,0.0,0.0,-100.0,15.0,-19.47,12.0,6.49,4.0,-45.73,1.0,338.6,3.0,-12.49,2.0,-29.65,4.0,32.23,1.0,159.07,66.7,-5.63,2.0,36.43,0.0,-100.0,1.0,93.8,333.0,16.04,2.0,-61.76,1.0,-12.66,2.0,-78.78,73.0,-0.0,-1.66,73.0
Daniel McKenzie,11.0,33.0,8.31,10.0,20.0,18.05,4.0,12.0,9.41,3.0,12.0,-14.38,1.0,1.0,9.17,1.0,-3.0,17.51,0.0,0.0,-100.0,1.0,1.0,171.74,21.0,12.74,13.0,15.36,7.0,-5.02,1.0,338.6,3.0,-12.49,2.0,-29.65,1.0,-66.94,0.0,-100.0,52.4,-25.86,2.0,36.43,0.0,-100.0,0.0,-100.0,359.0,25.1,5.0,-4.4,2.0,74.67,0.0,-100.0,76.0,-0.0,2.38,76.0
Darcy Fort,10.33,30.99,1.71,3.33,6.66,-60.69,2.0,6.0,-45.3,2.0,8.0,-42.92,2.0,2.0,118.34,2.0,-6.0,135.02,0.67,4.02,51.93,0.0,0.0,-100.0,13.67,-26.61,5.0,-55.63,9.33,26.59,0.33,44.74,1.67,-51.28,4.67,64.26,3.67,21.32,0.67,73.58,59.8,-15.39,1.67,13.92,0.33,-20.29,0.67,29.84,257.33,-10.33,4.33,-17.21,2.0,74.67,11.0,16.74,64.33,-0.0,-13.34,51.67
Darcy Parish,12.85,38.55,26.53,13.89,27.78,63.97,4.64,13.92,26.91,4.28,17.12,22.15,0.39,0.39,-57.42,0.87,-2.61,2.23,0.02,0.12,-95.46,0.16,0.16,-56.52,26.74,43.56,16.99,50.77,10.02,35.96,0.01,-95.61,4.63,35.06,4.62,62.5,4.72,56.03,0.04,-89.64,69.52,-1.64,1.57,7.09,0.19,-54.11,0.58,12.4,344.02,19.88,7.07,35.18,1.05,-8.3,18.96,101.21,95.44,-4.65,28.57,95.43
Darcy Tucker,8.0,24.0,-21.23,8.5,17.0,0.34,4.0,12.0,9.41,2.5,10.0,-28.65,0.0,0.0,-100.0,1.0,-3.0,17.51,0.0,0.0,-100.0,0.5,0.5,35.87,16.5,-11.42,10.5,-6.82,5.5,-25.37,0.0,-100.0,4.0,16.69,2.5,-12.06,1.5,-50.41,0.5,29.53,75.95,7.46,2.0,36.43,0.0,-100.0,0.0,-100.0,268.0,-6.61,5.0,-4.4,0.5,-56.33,3.5,-62.86,60.5,-0.0,-18.5,60.5
Darcy Wilmot,12.0,36.0,18.16,8.0,16.0,-5.56,9.0,27.0,146.17,2.0,8.0,-42.92,0.0,0.0,-100.0,1.0,-3.0,17.51,0.0,0.0,-100.0,0.0,0.0,-100.0,20.0,7.37,12.0,6.49,8.0,8.55,1.0,338.6,8.0,133.37,2.0,-29.65,1.0,-66.94,0.0,-100.0,75.0,6.12,2.0,36.43,0.0,-100.0,0.0,-100.0,329.0,14.65,7.0,33.84,2.0,74.67,0.0,-100.0,84.0,-0.0,13.16,84.0
David Mundy,9.0,27.0,-11.38,12.0,24.0,41.66,1.0,3.0,-72.65,5.5,22.0,56.96,1.5,1.5,63.76,0.0,-0.0,-100.0,0.0,0.0,-100.0,0.5,0.5,35.87,21.0,12.74,11.0,-2.39,10.5,42.47,0.0,-100.0,1.0,-70.83,5.0,75.87,2.0,-33.88,0.0,-100.0,67.7,-4.21,2.0,36.43,0.5,20.77,0.0,-100.0,251.5,-12.36,7.5,43.4,0.5,-56.33,22.0,133.47,78.0,-0.0,5.08,78.0
David Swallow,9.17,27.51,-9.71,17.29,34.58,104.11,4.7,14.1,28.56,2.25,9.0,-35.79,0.96,0.96,4.8,0.22,-0.66,-74.15,0.13,0.78,-70.52,0.08,0.08,-78.26,26.46,42.05,15.76,39.85,11.42,54.95,0.05,-78.07,4.65,35.65,1.44,-49.35,2.94,-2.81,0.87,125.39,77.13,9.13,1.72,17.33,0.04,-90.34,0.09,-82.56,337.58,17.64,10.16,94.26,1.92,67.69,13.25,40.61,86.34,-3.23,16.31,86.35
Dayne Zorko,11.68,35.04,15.01,4.16,8.32,-50.89,5.17,15.51,41.41,5.44,21.76,55.25,0.94,0.94,2.62,1.89,-5.67,122.09,0.02,0.12,-95.46,0.05,0.05,-86.41,15.84,-14.96,10.65,-5.49,5.92,-19.67,0.02,-91.23,5.16,50.53,2.02,-28.95,2.25,-25.62,0.02,-94.82,67.52,-4.47,2.11,43.93,0.95,129.47,4.33,739.15,320.6,11.72,3.97,-24.09,1.11,-3.06,6.35,-32.61,76.08,-3.43,2.49,76.07
Deven Robertson,4.0,12.0,-60.61,3.0,6.0,-64.59,3.0,9.0,-17.94,3.0,12.0,-14.38,0.0,0.0,-100.0,2.0,-6.0,135.02,0.0,0.0,-100.0,0.0,0.0,-100.0,7.0,-62.42,4.0,-64.5,3.0,-59.29,0.0,-100.0,3.0,-12.49,2.0,-29.65,2.0,-33.88,0.0,-100.0,71.4,1.02,0.0,-100.0,0.0,-100.0,2.0,287.6,167.0,-41.81,3.0,-42.64,0.0,-100.0,0.0,-100.0,33.0,-0.0,-55.54,33.0
Dion Prestia,10.86,32.58,6.93,12.42,24.84,46.62,3.3,9.9,-9.74,2.24,8.96,-36.07,0.87,0.87,-5.02,0.61,-1.83,-28.32,0.24,1.44,-45.58,0.31,0.31,-15.76,23.28,24.98,14.33,27.16,9.07,23.07,0.07,-69.3,3.24,-5.48,4.47,57.23,2.86,-5.45,0.28,-27.46,71.5,1.16,2.0,36.43,0.64,54.59,0.27,-47.67,305.92,6.6,6.53,24.86,0.91,-20.52,16.83,78.61,77.07,-6.27,3.82,77.07
Dom Sheed,10.56,31.68,3.98,6.95,13.9,-17.96,1.78,5.34,-51.31,2.32,9.28,-33.79,2.73,2.73,198.03,1.86,-5.58,118.57,0.06,0.36,-86.39,0.89,0.89,141.85,17.51,-6.0,7.84,-30.43,8.89,20.62,0.0,-100.0,1.78,-48.07,5.83,105.07,2.06,-31.9,0.02,-94.82,58.46,-17.29,0.35,-76.13,0.06,-85.51,0.06,-88.37,244.32,-14.86,5.1,-2.49,0.1,-91.27,18.37,94.95,58.6,-24.49,-21.06,58.6
Dustin Martin,18.0,54.0,77.24,3.0,6.0,-64.59,3.0,9.0,-17.94,0.0,0.0,-100.0,2.0,2.0,118.34,2.0,-6.0,135.02,1.0,6.0,126.76,0.0,0.0,-100.0,21.0,12.74,11.0,-2.39,11.0,49.25,0.0,-100.0,3.0,-12.49,3.0,5.52,7.0,131.4,0.0,-100.0,76.2,7.81,1.0,-31.79,0.0,-100.0,0.0,-100.0,503.0,75.28,5.0,-4.4,1.0,-12.66,15.0,59.18,71.0,-0.0,-4.35,71.0
Dylan Moore,10.69,32.07,5.26,7.92,15.84,-6.5,4.55,13.65,24.45,4.41,17.64,25.86,1.77,1.77,93.23,0.63,-1.89,-25.97,1.19,7.14,169.84,0.66,0.66,79.35,18.61,-0.09,11.51,2.14,7.57,2.71,0.32,40.35,4.24,23.69,1.66,-41.61,3.89,28.6,1.03,166.84,71.95,1.8,0.31,-78.85,1.13,172.95,1.51,192.64,279.2,-2.71,5.03,-3.82,0.97,-15.28,4.85,-48.53,86.86,4.85,17.01,86.88
Dylan Shiel,10.02,30.06,-1.34,9.48,18.96,11.91,3.79,11.37,3.67,2.24,8.96,-36.07,0.88,0.88,-3.93,0.85,-2.55,-0.12,1.68,10.08,280.95,0.01,0.01,-97.28,19.5,4.69,15.53,37.81,4.7,-36.23,0.0,-100.0,3.79,10.56,1.6,-43.72,2.35,-22.31,0.0,-100.0,67.85,-4.0,0.25,-82.95,0.02,-95.17,0.06,-88.37,261.39,-8.91,2.45,-53.15,0.87,-24.02,11.08,17.58,77.76,-2.87,4.75,77.77
Dylan Stephens,12.0,36.0,18.16,5.0,10.0,-40.98,3.5,10.5,-4.27,2.5,10.0,-28.65,1.0,1.0,9.17,0.0,-0.0,-100.0,0.0,0.0,-100.0,0.0,0.0,-100.0,17.0,-8.73,13.0,15.36,4.0,-45.73,0.5,119.3,3.0,-12.49,0.0,-100.0,3.5,15.7,0.0,-100.0,76.55,8.31,2.5,70.53,0.0,-100.0,0.0,-100.0,418.0,45.66,3.0,-42.64,0.5,-56.33,0.0,-100.0,67.5,-0.0,-9.07,67.5
Ed Curnow,11.67,35.01,14.91,5.67,11.34,-33.07,2.33,6.99,-36.27,3.0,12.0,-14.38,0.0,0.0,-100.0,2.0,-6.0,135.02,0.33,1.98,-25.17,1.0,1.0,171.74,17.33,-6.96,10.67,-5.32,6.0,-18.59,0.0,-100.0,2.33,-32.03,3.0,5.52,1.33,-56.03,0.67,73.58,64.07,-9.35,0.67,-54.3,0.67,61.84,0.33,-36.05,210.0,-26.82,5.0,-4.4,0.67,-41.48,17.67,87.52,62.33,-0.0,-16.03,62.32
Ed Richards,16.43,49.29,61.78,8.43,16.86,-0.48,4.86,14.58,32.93,4.71,18.84,34.42,0.57,0.57,-37.77,0.57,-1.71,-33.02,0.57,3.42,29.25,1.0,1.0,171.74,24.86,33.46,13.86,22.99,10.29,39.62,0.0,-100.0,4.86,41.77,6.14,115.97,6.71,121.82,0.14,-63.73,63.87,-9.63,1.29,-12.01,1.14,175.36,1.14,120.93,492.43,71.6,8.0,52.96,2.14,86.9,13.14,39.45,102.86,-0.0,38.57,102.85
Elijah Hewett,7.83,23.49,-22.9,9.33,18.66,10.14,2.0,6.0,-45.3,2.67,10.68,-23.8,0.33,0.33,-63.97,1.17,-3.51,37.49,0.33,1.98,-25.17,0.5,0.5,35.87,17.17,-7.82,8.33,-26.08,8.17,10.85,0.0,-100.0,2.0,-41.66,3.33,17.13,2.5,-17.36,0.33,-14.51,53.17,-24.77,1.83,24.83,0.0,-100.0,0.33,-36.05,198.17,-30.94,7.0,33.84,0.83,-27.51,13.5,43.27,58.17,-0.0,-21.64,58.13
Elijah Hollands,12.0,36.0,18.16,7.0,14.0,-17.37,4.0,12.0,9.41,4.0,16.0,14.16,0.0,0.0,-100.0,1.0,-3.0,17.51,1.0,6.0,126.76,1.0,1.0,171.74,19.0,2.0,10.0,-11.26,9.0,22.12,1.0,338.6,3.0,-12.49,1.0,-64.83,7.0,131.4,1.0,159.07,63.2,-10.58,1.0,-31.79,1.0,141.55,1.0,93.8,294.0,2.45,8.0,52.96,3.0,162.01,6.0,-36.33,82.0,-0.0,10.46,82.0
Elijah Tsatas,5.0,15.0,-50.77,11.0,22.0,29.85,4.0,12.0,9.41,2.0,8.0,-42.92,0.0,0.0,-100.0,0.0,-0.0,-100.0,1.0,6.0,126.76,0.0,0.0,-100.0,16.0,-14.1,8.0,-29.01,8.0,8.55,2.0,777.19,2.0,-41.66,0.0,-100.0,3.0,-0.83,1.0,159.07,56.3,-20.34,0.0,-100.0,0.0,-100.0,1.0,93.8,145.0,-49.47,6.0,14.72,0.0,-100.0,0.0,-100.0,63.0,-0.0,-15.13,63.0
Elliot Yeo,12.3,36.9,21.11,9.91,19.82,16.99,2.26,6.78,-38.18,5.93,23.72,69.24,1.57,1.57,71.4,1.06,-3.18,24.56,0.46,2.76,4.31,0.42,0.42,14.13,22.21,19.24,10.5,-6.82,11.4,54.68,0.21,-7.89,2.05,-40.2,6.04,112.45,4.47,47.77,0.25,-35.23,66.21,-6.32,2.0,36.43,0.59,42.51,0.57,10.47,414.62,44.48,7.84,49.9,1.79,56.33,18.88,100.36,88.82,5.71,19.65,88.79
Errol Gulden,20.46,61.38,101.46,8.72,17.44,2.94,7.47,22.41,104.32,2.63,10.52,-24.94,0.26,0.26,-71.62,1.02,-3.06,19.86,0.14,0.84,-68.25,0.98,0.98,166.3,29.18,56.65,24.41,116.61,4.76,-35.41,0.02,-91.23,7.45,117.33,1.38,-51.46,6.71,121.82,0.12,-68.91,71.42,1.05,2.17,48.02,1.74,320.29,0.08,-84.5,629.73,119.44,3.54,-32.31,0.12,-89.52,8.69,-7.78,110.77,13.08,49.22,110.77
Ethan Hughes,7.0,21.0,-31.08,12.0,24.0,41.66,1.0,3.0,-72.65,2.0,8.0,-42.92,3.0,3.0,227.51,0.0,-0.0,-100.0,1.0,6.0,126.76,0.0,0.0,-100.0,19.0,2.0,14.0,24.23,4.0,-45.73,0.0,-100.0,1.0,-70.83,1.0,-64.83,3.0,-0.83,0.0,-100.0,78.9,11.63,2.0,36.43,0.0,-100.0,1.0,93.8,267.0,-6.96,1.0,-80.88,1.0,-12.66,0.0,-100.0,65.0,-0.0,-12.44,65.0
Finlay Macrae,7.0,21.0,-31.08,4.0,8.0,-52.78,1.0,3.0,-72.65,3.5,14.0,-0.11,0.0,0.0,-100.0,0.0,-0.0,-100.0,0.5,3.0,13.38,0.5,0.5,35.87,11.0,-40.95,6.0,-46.76,5.0,-32.16,0.0,-100.0,1.0,-70.83,3.5,23.11,2.0,-33.88,0.0,-100.0,56.25,-20.41,0.0,-100.0,1.0,141.55,0.5,-3.1,171.5,-40.24,5.0,-4.4,0.5,-56.33,10.0,6.12,49.5,-0.0,-33.32,49.5
Finn Callaghan,9.62,28.86,-5.28,15.38,30.76,81.56,2.5,7.5,-31.62,3.25,13.0,-7.25,1.12,1.12,22.27,0.88,-2.64,3.41,0.0,0.0,-100.0,0.38,0.38,3.26,25.0,34.21,15.38,36.48,9.62,30.53,0.0,-100.0,2.5,-27.07,4.5,58.28,4.88,61.32,0.0,-100.0,73.89,4.54,2.38,62.35,0.5,20.77,0.25,-51.55,355.75,23.97,7.12,36.14,1.0,-12.66,14.12,49.85,79.0,-0.0,6.42,78.98
Finn Maginness,9.89,29.67,-2.62,6.23,12.46,-26.45,4.72,14.16,29.1,0.71,2.84,-79.74,0.07,0.07,-92.36,0.93,-2.79,9.28,0.46,2.76,4.31,0.86,0.86,133.7,16.13,-13.41,10.88,-3.45,5.66,-23.2,0.42,84.21,4.3,25.44,0.94,-66.94,2.4,-20.66,0.42,8.81,75.23,6.44,1.38,-5.87,0.01,-97.58,0.09,-82.56,247.62,-13.71,4.74,-9.37,0.92,-19.65,0.1,-98.94,60.08,6.44,-19.06,60.03
George Hewett,11.13,33.39,9.59,13.76,27.52,62.44,2.91,8.73,-20.4,5.68,22.72,62.1,1.16,1.16,26.64,0.96,-2.88,12.81,0.18,1.08,-59.18,0.02,0.02,-94.57,24.89,33.62,13.85,22.9,11.18,51.7,0.04,-82.46,2.87,-16.28,5.79,103.66,3.9,28.93,0.11,-71.5,76.11,7.69,1.07,-27.01,0.66,59.42,0.34,-34.11,269.18,-6.2,7.98,52.58,0.95,-17.03,21.42,127.32,91.74,-1.52,23.59,91.74
George Wardlaw,9.8,29.4,-3.51,8.3,16.6,-2.02,3.02,9.06,-17.4,4.95,19.8,41.27,1.51,1.51,64.85,1.02,-3.06,19.86,0.49,2.94,11.11,0.02,0.02,-94.57,18.09,-2.88,8.95,-20.58,9.96,35.14,0.14,-38.6,2.88,-15.99,5.57,95.92,3.01,-0.5,0.3,-22.28,72.28,2.27,1.37,-6.55,0.66,59.42,0.81,56.98,264.48,-7.84,6.64,26.96,1.63,42.36,20.9,121.8,76.27,11.54,2.75,76.27
Greg Clark,8.0,24.0,-21.23,5.0,10.0,-40.98,2.0,6.0,-45.3,3.0,12.0,-14.38,0.0,0.0,-100.0,0.0,-0.0,-100.0,0.0,0.0,-100.0,0.0,0.0,-100.0,13.0,-30.21,12.0,6.49,1.0,-86.43,0.0,-100.0,2.0,-41.66,1.0,-64.83,2.0,-33.88,0.0,-100.0,69.2,-2.09,2.0,36.43,0.0,-100.0,1.0,93.8,259.0,-9.75,1.0,-80.88,0.0,-100.0,0.0,-100.0,52.0,-0.0,-29.95,52.0
Harley Reid,8.83,26.49,-13.06,10.11,20.22,19.35,2.22,6.66,-39.28,3.94,15.76,12.44,2.06,2.06,124.89,2.39,-7.17,180.85,0.5,3.0,13.38,0.44,0.44,19.57,18.94,1.68,8.89,-21.11,10.17,37.99,0.5,119.3,1.72,-49.82,5.0,75.87,3.22,6.45,0.33,-14.51,71.23,0.78,1.06,-27.69,0.33,-20.29,0.67,29.84,298.78,4.12,7.11,35.95,0.94,-17.9,19.72,109.28,67.5,-0.0,-9.07,67.46
Harrison Jones,7.0,21.0,-31.08,6.0,12.0,-29.17,3.0,9.0,-17.94,4.0,16.0,14.16,1.0,1.0,9.17,0.0,-0.0,-100.0,2.0,12.0,353.51,0.0,0.0,-100.0,13.0,-30.21,5.0,-55.63,8.0,8.55,1.0,338.6,2.0,-41.66,0.0,-100.0,3.0,-0.83,1.0,159.07,61.5,-12.99,0.0,-100.0,1.0,141.55,1.0,93.8,114.0,-60.27,6.0,14.72,1.0,-12.66,0.0,-100.0,71.0,-0.0,-4.35,71.0
Harry Morrison,11.0,33.0,8.31,8.0,16.0,-5.56,7.0,21.0,91.47,3.0,12.0,-14.38,0.0,0.0,-100.0,0.0,-0.0,-100.0,1.0,6.0,126.76,0.0,0.0,-100.0,19.0,2.0,14.0,24.23,7.0,-5.02,0.0,-100.0,7.0,104.2,3.0,5.52,2.0,-33.88,0.0,-100.0,84.2,19.13,4.0,172.85,1.0,141.55,0.0,-100.0,367.0,27.89,5.0,-4.4,1.0,-12.66,0.0,-100.0,88.0,-0.0,18.55,88.0
Harry Perryman,11.42,34.26,12.45,8.53,17.06,0.7,3.03,9.09,-17.12,3.2,12.8,-8.68,0.78,0.78,-14.85,0.93,-2.79,9.28,0.04,0.24,-90.93,0.09,0.09,-75.54,19.95,7.1,11.98,6.31,7.91,7.33,0.0,-100.0,3.03,-11.61,1.74,-38.8,2.4,-20.66,0.04,-89.64,75.23,6.44,3.05,108.05,0.41,-0.97,0.22,-57.36,326.53,13.79,6.33,21.03,1.04,-9.17,2.87,-69.54,71.5,-9.02,-3.68,71.53
Harry Schoenberg,5.89,17.67,-42.0,6.93,13.86,-18.19,3.94,11.82,7.77,1.82,7.28,-48.06,0.72,0.72,-21.4,0.44,-1.32,-48.3,0.84,5.04,90.48,0.15,0.15,-59.24,12.82,-31.18,7.78,-30.96,5.32,-27.82,0.0,-100.0,3.94,14.94,2.04,-28.24,2.33,-22.98,0.0,-100.0,75.45,6.75,0.02,-98.64,0.57,37.68,0.01,-98.06,163.71,-42.95,4.45,-14.91,1.84,60.7,2.22,-76.44,55.22,-18.99,-25.61,55.22
Harry Sheezel,18.9,56.7,86.1,9.52,19.04,12.38,7.5,22.5,105.14,2.52,10.08,-28.08,1.33,1.33,45.2,0.1,-0.3,-88.25,0.0,0.0,-100.0,0.05,0.05,-86.41,28.43,52.63,18.81,66.92,5.19,-29.58,0.02,-91.23,7.48,118.2,1.19,-58.14,3.05,0.83,0.0,-100.0,82.44,16.64,7.71,425.92,0.5,20.77,0.0,-100.0,584.9,103.82,3.79,-27.53,0.1,-91.27,0.21,-97.77,109.45,8.81,47.44,109.4
Harvey Gallagher,14.0,42.0,37.85,9.0,18.0,6.24,2.0,6.0,-45.3,7.0,28.0,99.77,1.0,1.0,9.17,5.0,-15.0,487.54,0.0,0.0,-100.0,2.0,2.0,443.48,23.0,23.48,11.0,-2.39,12.0,62.82,0.0,-100.0,2.0,-41.66,6.0,111.04,5.0,65.29,0.0,-100.0,39.1,-44.68,1.0,-31.79,0.0,-100.0,2.0,287.6,287.0,0.01,7.0,33.84,1.0,-12.66,24.0,154.7,82.0,-0.0,10.46,82.0
Hayden Young,12.83,38.49,26.33,10.02,20.04,18.29,2.94,8.82,-19.58,5.96,23.84,70.09,0.89,0.89,-2.84,1.06,-3.18,24.56,0.55,3.3,24.72,0.31,0.31,-15.76,22.86,22.73,13.12,16.43,10.14,37.58,0.12,-47.37,2.82,-17.74,5.37,88.88,5.43,79.5,0.12,-68.91,71.17,0.7,1.45,-1.09,1.12,170.53,0.69,33.72,412.89,43.88,7.55,44.36,1.55,35.37,18.92,100.79,92.53,-0.66,24.65,92.51
Hugh Bond,3.5,10.5,-65.54,5.0,10.0,-40.98,2.0,6.0,-45.3,4.5,18.0,28.42,0.0,0.0,-100.0,1.0,-3.0,17.51,0.0,0.0,-100.0,0.0,0.0,-100.0,8.5,-54.37,6.5,-42.32,2.5,-66.08,0.0,-100.0,2.0,-41.66,0.0,-100.0,2.0,-33.88,0.0,-100.0,77.85,10.15,1.5,2.32,0.0,-100.0,0.0,-100.0,128.0,-55.4,1.5,-71.32,0.5,-56.33,4.0,-57.55,41.5,-0.0,-44.09,41.5
Hugh Greenwood,6.0,18.0,-40.92,10.69,21.38,26.2,2.19,6.57,-40.1,7.19,28.76,105.19,0.66,0.66,-27.95,0.4,-1.2,-53.0,0.19,1.14,-56.92,0.36,0.36,-2.17,16.69,-10.4,5.41,-51.99,10.73,45.59,0.9,294.74,1.29,-62.37,3.95,38.94,1.47,-51.4,0.21,-45.6,73.37,3.81,0.47,-67.94,0.58,40.1,1.43,177.13,92.66,-67.71,7.25,38.62,1.53,33.62,13.86,47.09,75.69,-2.84,1.96,75.67
Hugh McCluggage,15.57,46.71,53.31,11.85,23.7,39.89,4.86,14.58,32.93,3.0,12.0,-14.38,1.15,1.15,25.55,0.57,-1.71,-33.02,0.28,1.68,-36.51,0.43,0.43,16.85,27.43,47.26,17.0,50.86,11.14,51.15,0.0,-100.0,4.86,41.77,5.0,75.87,4.29,41.82,0.0,-100.0,64.98,-8.06,2.14,45.98,0.15,-63.77,1.0,93.8,418.29,45.76,8.86,69.41,2.14,86.9,16.0,69.8,98.57,3.76,32.79,98.54
Hunter Clark,11.72,35.16,15.4,8.57,17.14,1.17,2.43,7.29,-33.53,2.86,11.44,-18.38,0.0,0.0,-100.0,1.0,-3.0,17.51,0.43,2.58,-2.49,0.28,0.28,-23.91,20.28,8.87,11.71,3.91,9.28,25.92,0.28,22.81,2.14,-37.57,4.57,60.75,2.86,-5.45,0.57,47.67,60.59,-14.27,1.43,-2.46,0.28,-32.37,0.0,-100.0,332.29,15.79,7.43,42.07,2.0,74.67,9.57,1.56,70.86,-4.03,-4.54,70.89
Isaac Cumming,14.0,42.0,37.85,8.0,16.0,-5.56,6.0,18.0,64.11,2.0,8.0,-42.92,2.0,2.0,118.34,0.0,-0.0,-100.0,0.0,0.0,-100.0,0.0,0.0,-100.0,22.0,18.11,17.0,50.86,4.0,-45.73,0.0,-100.0,6.0,75.03,2.0,-29.65,4.0,32.23,0.0,-100.0,81.8,15.74,2.0,36.43,0.0,-100.0,0.0,-100.0,461.0,60.64,3.0,-42.64,3.0,162.01,0.0,-100.0,86.0,-0.0,15.85,86.0
Isaac Heeney,13.06,39.18,28.59,10.92,21.84,28.91,4.39,13.17,20.08,4.51,18.04,28.71,1.94,1.94,111.79,1.03,-3.09,21.03,1.38,8.28,212.93,0.88,0.88,139.13,23.98,28.74,12.48,10.75,11.29,53.19,0.58,154.39,3.81,11.14,5.18,82.2,4.32,42.81,1.05,172.02,68.59,-2.95,1.18,-19.51,0.62,49.76,0.67,29.84,377.45,31.53,6.65,27.15,1.56,36.24,18.71,98.56,100.26,8.27,35.06,100.24
Isaac Smith,15.0,45.0,47.7,3.0,6.0,-64.59,6.5,19.5,77.79,1.0,4.0,-71.46,0.5,0.5,-45.41,1.0,-3.0,17.51,0.5,3.0,13.38,0.5,0.5,35.87,18.0,-3.37,13.5,19.8,3.0,-59.29,0.0,-100.0,6.5,89.61,0.0,-100.0,2.0,-33.88,1.0,159.07,75.1,6.26,3.5,138.74,0.5,20.77,0.0,-100.0,465.0,62.04,2.0,-61.76,0.5,-56.33,0.0,-100.0,75.5,-0.0,1.71,75.5
Izak Rankine,9.0,27.0,-11.38,3.0,6.0,-64.59,4.0,12.0,9.41,3.0,12.0,-14.38,0.0,0.0,-100.0,0.0,-0.0,-100.0,1.0,6.0,126.76,2.0,2.0,443.48,12.0,-35.58,6.0,-46.76,4.0,-45.73,0.0,-100.0,4.0,16.69,0.0,-100.0,3.0,-0.83,3.0,677.2,58.3,-17.51,0.0,-100.0,2.0,383.09,0.0,-100.0,233.0,-18.81,4.0,-23.52,1.0,-12.66,0.0,-100.0,65.0,-0.0,-12.44,65.0
Jack Bowes,13.29,39.87,30.86,7.85,15.7,-7.33,2.86,8.58,-21.77,4.14,16.56,18.15,0.72,0.72,-21.4,2.0,-6.0,135.02,0.0,0.0,-100.0,0.72,0.72,95.65,21.14,13.49,12.15,7.82,8.71,18.18,0.14,-38.6,2.71,-20.95,4.14,45.62,4.57,51.07,0.43,11.4,60.91,-13.82,1.71,16.64,0.0,-100.0,0.28,-45.74,415.29,44.72,7.14,36.52,1.43,24.89,20.29,115.32,76.14,-0.47,2.57,76.15
Jack Bytel,9.0,27.0,-11.38,6.14,12.28,-27.52,4.86,14.58,32.93,2.71,10.84,-22.66,0.29,0.29,-68.34,0.14,-0.42,-83.55,0.14,0.84,-68.25,0.0,0.0,-100.0,15.14,-18.72,10.71,-4.96,3.57,-51.56,0.0,-100.0,4.86,41.77,1.29,-54.63,1.86,-38.51,1.0,159.07,66.1,-6.48,1.14,-22.24,0.0,-100.0,0.14,-72.87,280.86,-2.13,3.14,-39.96,0.86,-24.89,1.86,-80.26,65.43,-11.58,-11.86,65.41
Jack Crisp,11.15,33.45,9.79,10.3,20.6,21.59,2.75,8.25,-24.78,6.23,24.92,77.8,0.89,0.89,-2.84,1.2,-3.6,41.01,0.43,2.58,-2.49,0.38,0.38,3.26,21.45,15.16,11.51,2.14,9.79,32.84,0.1,-56.14,2.66,-22.4,4.31,51.6,4.21,39.17,0.32,-17.1,63.87,-9.63,1.56,6.41,0.29,-29.95,0.63,22.09,377.85,31.67,7.52,43.79,1.25,9.17,17.92,90.17,87.42,-1.35,17.77,87.47
Jack Graham,7.51,22.53,-26.05,10.44,20.88,23.24,2.27,6.81,-37.91,5.83,23.32,66.38,0.66,0.66,-27.95,0.95,-2.85,11.63,0.22,1.32,-50.11,0.01,0.01,-97.28,17.94,-3.69,10.38,-7.89,7.59,2.99,0.0,-100.0,2.27,-33.78,2.59,-8.9,3.63,20.0,0.21,-45.6,77.79,10.06,1.34,-8.59,0.63,52.17,0.71,37.6,258.92,-9.77,6.48,23.9,0.8,-30.13,14.57,54.62,72.63,4.13,-2.16,72.68
Jack Gunston,10.0,30.0,-1.54,1.0,2.0,-88.2,8.0,24.0,118.82,3.0,12.0,-14.38,0.0,0.0,-100.0,1.0,-3.0,17.51,2.0,12.0,353.51,4.0,4.0,986.96,11.0,-40.95,5.0,-55.63,7.0,-5.02,4.0,1654.39,4.0,16.69,0.0,-100.0,3.0,-0.83,4.0,936.27,63.6,-10.01,0.0,-100.0,1.0,141.55,2.0,287.6,361.0,25.8,2.0,-61.76,0.0,-100.0,0.0,-100.0,81.0,-0.0,9.12,81.0
Jack Higgins,11.0,33.0,8.31,5.0,10.0,-40.98,5.0,15.0,36.76,4.0,16.0,14.16,2.0,2.0,118.34,0.0,-0.0,-100.0,4.0,24.0,807.03,2.0,2.0,443.48,16.0,-14.1,10.0,-11.26,4.0,-45.73,0.0,-100.0,5.0,45.86,1.0,-64.83,2.0,-33.88,4.0,936.27,68.8,-2.66,0.0,-100.0,0.0,-100.0,2.0,287.6,306.0,6.63,2.0,-61.76,1.0,-12.66,0.0,-100.0,102.0,-0.0,37.41,102.0
Jack Macrae,14.26,42.78,40.41,15.3,30.6,80.62,5.48,16.44,49.89,6.41,25.64,82.93,1.89,1.89,106.33,0.07,-0.21,-91.77,0.84,5.04,90.48,0.01,0.01,-97.28,29.56,58.69,18.82,67.01,10.01,35.82,0.0,-100.0,5.48,59.86,4.82,69.54,4.08,34.88,0.01,-97.41,79.41,12.35,1.16,-20.87,0.11,-73.43,1.73,235.27,267.29,-6.86,6.15,17.59,3.44,200.44,10.34,9.73,122.19,16.03,64.61,122.19
Jack Mahony,12.0,36.0,18.16,6.0,12.0,-29.17,5.0,15.0,36.76,1.0,4.0,-71.46,1.0,1.0,9.17,2.0,-6.0,135.02,0.0,0.0,-100.0,0.0,0.0,-100.0,18.0,-3.37,13.0,15.36,7.0,-5.02,0.0,-100.0,5.0,45.86,4.0,40.7,3.0,-0.83,1.0,159.07,72.2,2.15,2.0,36.43,0.0,-100.0,0.0,-100.0,294.0,2.45,5.0,-4.4,1.0,-12.66,0.0,-100.0,62.0,-0.0,-16.48,62.0
Jack Petruccelle,8.0,24.0,-21.23,3.29,6.58,-61.16,2.14,6.42,-41.47,1.14,4.56,-67.47,0.0,0.0,-100.0,0.86,-2.58,1.06,1.86,11.16,321.77,1.0,1.0,171.74,11.29,-39.39,7.0,-37.88,4.14,-43.83,0.0,-100.0,2.14,-37.57,2.14,-24.73,2.14,-29.26,0.0,-100.0,72.2,2.15,0.14,-90.45,0.14,-66.18,0.86,66.67,267.14,-6.91,3.29,-37.09,1.0,-12.66,6.0,-36.33,51.14,-5.3,-31.11,51.14
Jack Redden,11.25,33.75,10.77,10.92,21.84,28.91,5.58,16.74,52.63,5.5,22.0,56.96,1.5,1.5,63.76,0.83,-2.49,-2.47,0.33,1.98,-25.17,0.0,0.0,-100.0,22.17,19.02,14.33,27.16,8.17,10.85,0.08,-64.91,5.5,60.44,3.75,31.9,1.42,-53.06,0.08,-79.27,79.02,11.8,1.92,30.97,0.33,-20.29,0.08,-84.5,203.0,-29.26,5.5,5.16,1.42,24.02,16.33,73.3,95.33,-0.0,28.42,95.32
Jack Ross,8.79,26.37,-13.45,13.79,27.58,62.79,4.07,12.21,11.32,1.29,5.16,-63.18,0.86,0.86,-6.11,0.21,-0.63,-75.32,0.0,0.0,-100.0,0.0,0.0,-100.0,22.57,21.17,11.93,5.87,11.71,58.89,0.0,-100.0,4.07,18.73,3.57,25.57,2.07,-31.57,0.0,-100.0,83.16,17.66,1.07,-27.01,0.0,-100.0,0.14,-72.87,381.57,32.97,9.0,72.08,1.0,-12.66,10.64,12.92,71.5,9.58,-3.68,71.55
Jack Scrimshaw,13.0,39.0,28.0,13.0,26.0,53.46,12.0,36.0,228.23,1.0,4.0,-71.46,0.0,0.0,-100.0,1.0,-3.0,17.51,0.0,0.0,-100.0,0.0,0.0,-100.0,26.0,39.58,15.0,33.11,10.0,35.69,3.0,1215.79,9.0,162.54,1.0,-64.83,0.0,-100.0,0.0,-100.0,88.5,25.22,5.0,241.06,0.0,-100.0,0.0,-100.0,203.0,-29.26,7.0,33.84,3.0,162.01,0.0,-100.0,102.0,-0.0,37.41,102.0
Jack Sinclair,17.53,52.59,72.61,10.85,21.7,28.08,5.43,16.29,48.52,2.05,8.2,-41.5,0.95,0.95,3.71,0.0,-0.0,-100.0,0.38,2.28,-13.83,0.1,0.1,-72.83,28.38,52.36,16.5,46.42,10.23,38.81,0.0,-100.0,5.43,58.4,3.43,20.65,2.38,-21.32,0.38,-1.55,71.74,1.5,3.99,172.17,0.36,-13.04,0.17,-67.05,405.0,41.13,7.76,48.37,1.77,54.59,11.67,23.85,102.14,-0.04,37.6,102.11
Jack Steele,11.21,33.63,10.38,12.91,25.82,52.4,5.45,16.35,49.07,7.35,29.4,109.76,1.19,1.19,29.91,1.01,-3.03,18.68,0.33,1.98,-25.17,0.17,0.17,-53.8,24.12,29.49,13.64,21.04,10.78,46.27,0.13,-42.98,5.31,54.9,4.93,73.41,3.9,28.93,0.42,8.81,74.77,5.79,1.54,5.05,0.54,30.43,0.71,37.6,311.19,8.44,7.33,40.15,1.44,25.76,21.35,126.57,105.48,0.42,42.1,105.51
Jack Viney,11.29,33.87,11.17,10.12,20.24,19.47,2.77,8.31,-24.23,6.22,24.88,77.51,1.35,1.35,47.38,0.8,-2.4,-5.99,0.34,2.04,-22.9,0.19,0.19,-48.37,21.41,14.94,11.46,1.69,10.34,40.3,0.1,-56.14,2.68,-21.82,4.63,62.86,4.53,49.75,0.33,-14.51,59.62,-15.65,1.4,-4.5,0.68,64.25,0.91,76.36,342.19,19.24,6.78,29.64,1.11,-3.06,18.04,91.45,88.5,-5.68,19.22,88.48
Jackson Nelson,7.25,21.75,-28.61,6.5,13.0,-23.27,3.75,11.25,2.57,2.75,11.0,-21.52,0.75,0.75,-18.12,0.75,-2.25,-11.87,0.25,1.5,-43.31,0.0,0.0,-100.0,13.75,-26.18,9.75,-13.48,4.25,-42.33,0.0,-100.0,3.75,9.39,2.25,-20.86,0.5,-83.47,0.0,-100.0,74.82,5.86,0.75,-48.84,0.25,-39.61,0.0,-100.0,120.0,-58.18,3.25,-37.86,0.5,-56.33,5.0,-46.94,57.0,-0.0,-23.21,57.0
Jacob Hopper,10.78,32.34,6.14,13.09,26.18,54.53,3.76,11.28,2.84,3.29,13.16,-6.11,1.21,1.21,32.1,1.01,-3.03,18.68,0.31,1.86,-29.71,0.21,0.21,-42.93,23.87,28.15,14.13,25.39,10.01,35.82,0.08,-64.91,3.68,7.35,3.58,25.92,3.37,11.4,0.2,-48.19,63.15,-10.65,1.24,-15.42,0.2,-51.69,0.35,-32.17,297.43,3.64,7.44,42.26,1.02,-10.92,18.23,93.46,83.21,6.41,12.09,83.21
Jacob Koschitzke,6.0,18.0,-40.92,1.0,2.0,-88.2,2.0,6.0,-45.3,3.0,12.0,-14.38,1.0,1.0,9.17,0.0,-0.0,-100.0,1.0,6.0,126.76,0.0,0.0,-100.0,7.0,-62.42,3.0,-73.38,4.0,-45.73,0.0,-100.0,2.0,-41.66,3.0,5.52,1.0,-66.94,0.0,-100.0,85.7,21.25,0.0,-100.0,0.0,-100.0,2.0,287.6,185.0,-35.53,2.0,-61.76,1.0,-12.66,6.0,-36.33,50.0,-0.0,-32.64,45.0
Jacob Wehr,6.0,18.0,-40.92,5.0,10.0,-40.98,2.0,6.0,-45.3,3.0,12.0,-14.38,3.0,3.0,227.51,0.0,-0.0,-100.0,0.0,0.0,-100.0,0.0,0.0,-100.0,11.0,-40.95,8.0,-29.01,4.0,-45.73,0.0,-100.0,2.0,-41.66,3.0,5.52,5.0,65.29,0.0,-100.0,72.7,2.86,0.0,-100.0,0.0,-100.0,0.0,-100.0,181.0,-36.93,2.0,-61.76,0.0,-100.0,0.0,-100.0,49.0,-0.0,-33.99,49.0
Jade Gresham,12.71,38.13,25.15,11.86,23.72,40.01,3.43,10.29,-6.18,3.29,13.16,-6.11,1.14,1.14,24.45,1.43,-4.29,68.04,0.86,5.16,95.01,1.14,1.14,209.78,24.57,31.91,15.71,39.41,9.57,29.85,0.29,27.19,3.14,-8.4,4.0,40.7,5.14,69.92,0.57,47.67,67.14,-5.01,1.14,-22.24,0.43,3.86,0.71,37.6,413.0,43.92,6.57,25.62,1.57,37.12,17.0,80.41,88.43,-0.0,19.13,88.45
Jaeger O'Meara,11.27,33.81,10.97,13.79,27.58,62.79,4.37,13.11,19.53,6.08,24.32,73.52,1.76,1.76,92.14,1.06,-3.18,24.56,0.06,0.36,-86.39,0.05,0.05,-86.41,25.06,34.54,13.22,17.31,11.44,55.22,0.06,-73.68,4.3,25.44,4.97,74.82,3.14,3.8,0.08,-79.27,76.79,8.65,0.6,-59.07,0.52,25.6,0.08,-84.5,262.56,-8.51,6.75,29.06,1.49,30.13,22.06,134.11,97.81,11.99,31.76,97.81
Jai Culley,4.14,12.42,-59.24,10.57,21.14,24.78,4.86,14.58,32.93,4.43,17.72,26.43,0.14,0.14,-84.72,3.0,-9.0,252.53,0.14,0.84,-68.25,0.86,0.86,133.7,14.71,-21.03,9.0,-20.13,6.29,-14.65,1.71,650.0,3.14,-8.4,2.14,-24.73,2.14,-29.26,1.86,381.87,64.89,-8.19,0.14,-90.45,0.14,-66.18,0.0,-100.0,142.14,-50.47,3.57,-31.74,1.0,-12.66,25.29,168.39,58.71,-16.72,-20.91,58.7
Jai Newcombe,10.81,32.43,6.44,14.05,28.1,65.86,3.67,11.01,0.38,4.47,17.88,27.57,1.3,1.3,41.92,1.72,-5.16,102.12,0.41,2.46,-7.03,0.16,0.16,-56.52,24.86,33.46,13.61,20.77,11.6,57.39,0.4,75.44,3.27,-4.61,6.14,115.97,4.12,36.2,0.18,-53.37,75.44,6.74,1.47,0.27,0.66,59.42,0.32,-37.98,341.17,18.89,7.58,44.93,1.58,37.99,19.88,110.97,88.19,-0.88,18.8,88.18
Jaidyn Stephenson,10.0,30.0,-1.54,7.0,14.0,-17.37,3.0,9.0,-17.94,4.0,16.0,14.16,0.0,0.0,-100.0,0.0,-0.0,-100.0,0.0,0.0,-100.0,2.0,2.0,443.48,17.0,-8.73,10.0,-11.26,5.0,-32.16,0.0,-100.0,3.0,-12.49,2.0,-29.65,2.0,-33.88,1.0,159.07,52.9,-25.15,0.0,-100.0,0.0,-100.0,0.0,-100.0,182.0,-36.58,5.0,-4.4,0.0,-100.0,11.0,16.74,71.0,-0.0,-4.35,71.0
Jake Kelly,11.0,33.0,8.31,5.0,10.0,-40.98,4.0,12.0,9.41,3.0,12.0,-14.38,0.0,0.0,-100.0,0.0,-0.0,-100.0,0.0,0.0,-100.0,0.0,0.0,-100.0,16.0,-14.1,15.0,33.11,2.0,-72.86,0.0,-100.0,4.0,16.69,0.0,-100.0,1.0,-66.94,0.0,-100.0,68.8,-2.66,4.0,172.85,1.0,141.55,0.0,-100.0,247.0,-13.93,1.0,-80.88,1.0,-12.66,0.0,-100.0,67.0,-0.0,-9.74,67.0
Jake Kolodjashnij,7.0,21.0,-31.08,3.0,6.0,-64.59,6.0,18.0,64.11,2.0,8.0,-42.92,0.0,0.0,-100.0,0.0,-0.0,-100.0,0.0,0.0,-100.0,0.0,0.0,-100.0,10.0,-46.31,9.0,-20.13,2.0,-72.86,0.0,-100.0,6.0,75.03,0.0,-100.0,1.0,-66.94,0.0,-100.0,100.0,41.49,1.0,-31.79,0.0,-100.0,0.0,-100.0,118.0,-58.88,2.0,-61.76,0.0,-100.0,0.0,-100.0,53.0,-0.0,-28.6,53.0
Jake Soligo,11.15,33.45,9.79,10.61,21.22,25.25,2.88,8.64,-21.23,3.59,14.36,2.45,1.2,1.2,31.0,1.38,-4.14,62.16,0.38,2.28,-13.83,0.42,0.42,14.13,21.76,16.82,13.09,16.16,9.18,24.56,0.08,-64.91,2.8,-18.32,3.12,9.74,3.0,-0.83,0.39,1.04,69.85,-1.17,1.93,31.65,0.32,-22.71,0.44,-14.73,296.65,3.37,6.99,33.65,1.0,-12.66,14.3,51.76,77.4,2.97,4.27,77.43
Jake Stringer,10.81,32.43,6.44,7.86,15.72,-7.21,3.0,9.0,-17.94,2.05,8.2,-41.5,1.95,1.95,112.88,0.16,-0.48,-81.2,0.86,5.16,95.01,2.81,2.81,663.59,18.67,0.23,4.77,-57.67,14.21,92.81,0.86,277.19,2.14,-37.57,7.58,166.62,5.77,90.74,1.0,159.07,67.06,-5.12,0.0,-100.0,0.02,-95.17,0.3,-41.86,479.51,67.09,10.12,93.5,4.6,301.75,20.05,112.78,74.79,11.63,0.75,74.79
Jamaine Jones,10.0,30.0,-1.54,1.0,2.0,-88.2,4.0,12.0,9.41,1.0,4.0,-71.46,0.0,0.0,-100.0,0.0,-0.0,-100.0,1.0,6.0,126.76,0.0,0.0,-100.0,11.0,-40.95,10.0,-11.26,1.0,-86.43,0.0,-100.0,4.0,16.69,0.0,-100.0,0.0,-100.0,0.0,-100.0,81.8,15.74,4.0,172.85,0.0,-100.0,0.0,-100.0,264.0,-8.0,1.0,-80.88,0.0,-100.0,0.0,-100.0,54.0,-0.0,-27.26,54.0
James Aish,16.0,48.0,57.54,11.0,22.0,29.85,8.0,24.0,118.82,1.5,6.0,-57.19,1.0,1.0,9.17,0.5,-1.5,-41.25,1.0,6.0,126.76,0.0,0.0,-100.0,27.0,44.95,20.0,77.48,6.5,-11.8,0.0,-100.0,8.0,133.37,2.0,-29.65,5.0,65.29,0.5,29.53,80.2,13.47,1.0,-31.79,0.0,-100.0,0.0,-100.0,442.5,54.2,4.5,-13.96,2.0,74.67,0.0,-100.0,105.5,-0.0,42.12,105.5
James Harmes,8.05,24.15,-20.74,9.14,18.28,7.9,2.48,7.44,-32.17,4.24,16.96,21.0,0.57,0.57,-37.77,0.62,-1.86,-27.14,0.14,0.84,-68.25,0.1,0.1,-72.83,17.19,-7.71,10.9,-3.27,6.81,-7.6,0.0,-100.0,2.48,-27.65,1.67,-41.26,3.05,0.83,0.1,-74.09,75.91,7.4,0.62,-57.71,0.0,-100.0,1.95,277.91,213.76,-25.51,5.38,2.87,1.48,29.26,8.48,-10.01,66.48,-6.91,-10.44,66.48
James Jordon,8.71,26.13,-14.24,9.71,19.42,14.63,3.71,11.13,1.48,6.43,25.72,83.5,1.14,1.14,24.45,1.86,-5.58,118.57,0.14,0.84,-68.25,0.14,0.14,-61.96,18.43,-1.06,13.43,19.18,6.0,-18.59,0.0,-100.0,3.71,8.23,1.86,-34.58,4.0,32.23,0.14,-63.73,76.21,7.83,1.86,26.88,0.14,-66.18,1.71,231.4,202.14,-29.56,3.14,-39.96,0.14,-87.77,6.14,-34.84,79.0,-8.67,6.42,78.94
James Peatling,17.0,51.0,67.39,5.5,11.0,-35.07,4.0,12.0,9.41,5.0,20.0,42.69,2.5,2.5,172.93,0.5,-1.5,-41.25,0.5,3.0,13.38,0.0,0.0,-100.0,22.5,20.79,14.0,24.23,9.5,28.9,0.5,119.3,3.5,2.1,5.0,75.87,4.5,48.76,1.0,159.07,62.5,-11.57,1.5,2.32,1.0,141.55,0.5,-3.1,538.0,87.48,7.0,33.84,1.5,31.0,14.0,48.57,98.0,-0.0,32.02,98.0
James Rowbottom,9.81,29.43,-3.41,9.26,18.52,9.31,1.88,5.64,-48.58,7.64,30.56,118.04,1.49,1.49,62.66,1.06,-3.18,24.56,0.24,1.44,-45.58,0.29,0.29,-21.2,19.07,2.38,9.0,-20.13,10.28,39.48,0.09,-60.53,1.8,-47.49,5.04,77.28,3.37,11.4,0.08,-79.27,68.8,-2.66,1.43,-2.46,0.68,64.25,0.73,41.47,258.81,-9.81,7.02,34.23,1.72,50.22,19.82,110.34,84.19,0.42,13.41,84.19
James Tunstill,6.0,18.0,-40.92,3.0,6.0,-64.59,2.0,6.0,-45.3,1.0,4.0,-71.46,0.0,0.0,-100.0,1.0,-3.0,17.51,0.0,0.0,-100.0,0.0,0.0,-100.0,9.0,-51.68,9.0,-20.13,2.0,-72.86,0.0,-100.0,2.0,-41.66,1.0,-64.83,1.0,-66.94,0.0,-100.0,88.9,25.78,0.0,-100.0,0.0,-100.0,0.0,-100.0,177.0,-38.32,1.0,-80.88,1.0,-12.66,0.0,-100.0,31.0,-0.0,-58.24,31.0
James Worpel,10.8,32.4,6.34,11.61,23.22,37.06,1.9,5.7,-48.03,4.02,16.08,14.73,0.6,0.6,-34.5,1.66,-4.98,95.06,0.43,2.58,-2.49,0.25,0.25,-32.07,22.4,20.26,12.57,11.54,11.09,50.47,0.01,-95.61,1.89,-44.87,5.31,86.77,5.39,78.18,0.02,-94.82,70.79,0.16,1.65,12.55,0.83,100.48,0.18,-65.12,368.99,28.58,7.59,45.12,1.21,5.68,18.93,100.89,75.86,-4.22,2.19,75.85
Jarrod Berry,11.79,35.37,16.09,9.66,19.32,14.04,7.38,22.14,101.86,3.91,15.64,11.59,0.98,0.98,6.99,1.76,-5.28,106.82,0.05,0.3,-88.66,0.04,0.04,-89.13,21.45,15.16,15.46,37.19,6.79,-7.87,0.85,272.81,6.54,90.78,2.0,-29.65,2.08,-31.24,0.04,-89.64,83.29,17.84,3.72,153.75,0.05,-87.92,0.08,-84.5,280.22,-2.35,4.93,-5.74,1.04,-9.17,0.02,-99.79,88.51,12.03,19.23,88.51
Jarryd Lyons,13.74,41.22,35.29,11.76,23.52,38.83,5.8,17.4,58.64,3.48,13.92,-0.68,1.01,1.01,10.26,1.7,-5.1,99.76,0.01,0.06,-97.73,0.01,0.01,-97.28,25.49,36.84,16.04,42.34,7.89,7.06,0.0,-100.0,5.8,69.19,4.32,51.95,2.35,-22.31,0.15,-61.14,78.66,11.29,1.29,-12.01,0.16,-61.35,0.15,-70.93,228.4,-20.41,4.75,-9.18,2.12,85.15,13.91,47.62,92.01,-5.26,23.95,92.04
Jason Horne-Francis,14.7,44.1,44.74,5.98,11.96,-29.41,3.95,11.85,8.04,2.76,11.04,-21.23,1.77,1.77,93.23,1.62,-4.86,90.36,0.99,5.94,124.49,0.8,0.8,117.39,20.68,11.02,10.44,-7.36,10.01,35.82,0.42,84.21,3.53,2.98,5.82,104.71,4.42,46.12,0.85,120.21,64.94,-8.12,0.89,-39.29,0.83,100.48,0.61,18.22,351.34,22.43,6.0,14.72,2.12,85.15,15.05,59.72,82.59,14.12,11.26,82.6
Jaspa Fletcher,8.0,24.0,-21.23,5.5,11.0,-35.07,5.5,16.5,50.44,1.5,6.0,-57.19,0.0,0.0,-100.0,0.0,-0.0,-100.0,0.0,0.0,-100.0,0.5,0.5,35.87,13.5,-27.52,10.0,-11.26,3.0,-59.29,0.0,-100.0,5.5,60.44,0.0,-100.0,2.5,-17.36,0.5,29.53,83.35,17.93,1.5,2.32,0.5,20.77,0.0,-100.0,196.0,-31.7,3.0,-42.64,0.0,-100.0,0.0,-100.0,58.0,-0.0,-21.87,58.0
Jayden Hunt,8.0,24.0,-21.23,4.0,8.0,-52.78,4.0,12.0,9.41,2.0,8.0,-42.92,1.0,1.0,9.17,1.0,-3.0,17.51,0.0,0.0,-100.0,0.0,0.0,-100.0,12.0,-35.58,8.0,-29.01,4.0,-45.73,0.0,-100.0,4.0,16.69,2.0,-29.65,2.0,-33.88,0.0,-100.0,58.3,-17.51,2.0,36.43,0.0,-100.0,0.0,-100.0,289.0,0.71,3.0,-42.64,1.0,-12.66,0.0,-100.0,50.0,-0.0,-32.64,50.0
Jayden Short,17.77,53.31,74.97,4.99,9.98,-41.09,6.74,20.22,84.35,5.38,21.52,53.54,1.81,1.81,97.6,1.23,-3.69,44.54,0.04,0.24,-90.93,0.03,0.03,-91.85,22.76,22.19,14.82,31.51,7.88,6.92,0.01,-95.61,6.73,96.32,2.48,-12.77,3.99,31.9,0.02,-94.82,78.69,11.34,4.02,174.22,0.07,-83.09,0.04,-92.25,542.27,88.96,4.79,-8.41,1.28,11.79,13.79,46.34,103.41,3.14,39.31,103.42
Jed Anderson,13.0,39.0,28.0,9.33,18.66,10.14,3.33,9.99,-8.92,5.17,20.68,47.55,1.67,1.67,82.31,1.33,-3.99,56.29,0.33,1.98,-25.17,0.0,0.0,-100.0,22.33,19.88,12.0,6.49,10.33,40.16,0.5,119.3,2.83,-17.44,4.17,46.68,3.33,10.08,0.33,-14.51,57.57,-18.55,1.5,2.32,0.5,20.77,0.17,-67.05,314.67,9.65,6.0,14.72,1.0,-12.66,13.0,37.96,88.0,-0.0,18.55,87.99
Jed Bews,7.0,21.0,-31.08,3.0,6.0,-64.59,6.0,18.0,64.11,2.0,8.0,-42.92,0.0,0.0,-100.0,3.0,-9.0,252.53,0.0,0.0,-100.0,0.0,0.0,-100.0,10.0,-46.31,9.0,-20.13,2.0,-72.86,0.0,-100.0,6.0,75.03,0.0,-100.0,0.0,-100.0,0.0,-100.0,70.0,-0.96,3.0,104.64,0.0,-100.0,0.0,-100.0,141.0,-50.87,2.0,-61.76,0.0,-100.0,0.0,-100.0,44.0,-0.0,-40.73,44.0
Jeremy Cameron,15.0,45.0,47.7,7.5,15.0,-11.46,8.0,24.0,118.82,2.0,8.0,-42.92,1.5,1.5,63.76,0.5,-1.5,-41.25,2.0,12.0,353.51,2.0,2.0,443.48,22.5,20.79,14.5,28.67,6.5,-11.8,1.5,557.89,6.5,89.61,0.5,-82.41,4.5,48.76,3.0,677.2,63.3,-10.44,0.5,-65.89,0.0,-100.0,1.0,93.8,350.0,21.96,3.5,-33.08,0.5,-56.33,1.0,-89.39,106.0,-0.0,42.8,106.0
Jhye Clark,7.0,21.0,-31.08,6.0,12.0,-29.17,2.0,6.0,-45.3,3.0,12.0,-14.38,0.0,0.0,-100.0,2.0,-6.0,135.02,0.0,0.0,-100.0,0.0,0.0,-100.0,13.0,-30.21,5.0,-55.63,9.0,22.12,0.0,-100.0,2.0,-41.66,4.0,40.7,2.0,-33.88,0.0,-100.0,76.9,8.8,2.0,36.43,0.0,-100.0,0.0,-100.0,229.0,-20.2,9.0,72.08,1.0,-12.66,20.0,112.25,45.0,-0.0,-39.38,45.0
Joel Selwood,10.55,31.65,3.88,11.18,22.36,31.98,2.82,8.46,-22.87,3.36,13.44,-4.11,1.45,1.45,58.3,1.64,-4.92,92.71,0.36,2.16,-18.37,0.09,0.09,-75.54,21.73,16.66,12.27,8.88,9.91,34.46,0.0,-100.0,2.82,-17.74,5.73,101.55,3.09,2.15,0.36,-6.74,67.52,-4.47,1.27,-13.37,0.64,54.59,0.18,-65.12,262.45,-8.54,6.27,19.89,2.0,74.67,16.27,72.66,74.73,-0.0,0.67,74.69
Jordan Dawson,15.56,46.68,53.21,8.4,16.8,-0.84,4.74,14.22,29.65,6.61,26.44,88.64,0.92,0.92,0.44,1.18,-3.54,38.66,0.46,2.76,4.31,0.28,0.28,-23.91,23.96,28.63,15.35,36.21,7.71,4.61,0.88,285.96,3.87,12.89,3.1,9.04,5.04,66.61,0.23,-40.41,69.18,-2.12,1.94,32.33,0.37,-10.63,0.33,-36.05,467.0,62.73,4.74,-9.37,1.1,-3.93,17.15,82.0,104.55,-4.2,40.84,104.56
Jordan De Goey,12.22,36.66,20.32,10.38,20.76,22.54,4.12,12.36,12.69,3.92,15.68,11.87,1.14,1.14,24.45,1.7,-5.1,99.76,0.75,4.5,70.07,0.71,0.71,92.93,22.6,21.33,13.19,17.05,9.43,27.95,0.25,9.65,3.87,12.89,4.68,64.61,5.24,73.22,0.63,63.21,64.68,-8.49,0.96,-34.52,0.91,119.81,0.34,-34.11,413.72,44.17,5.67,8.41,0.9,-21.4,19.64,108.43,86.73,-0.25,16.84,86.71
Josh Carmichael,13.0,39.0,28.0,4.0,8.0,-52.78,1.0,3.0,-72.65,0.0,0.0,-100.0,0.0,0.0,-100.0,1.0,-3.0,17.51,0.0,0.0,-100.0,1.0,1.0,171.74,17.0,-8.73,5.0,-55.63,10.0,35.69,0.0,-100.0,1.0,-70.83,1.0,-64.83,1.0,-66.94,0.0,-100.0,35.3,-50.06,0.0,-100.0,0.0,-100.0,0.0,-100.0,210.0,-26.82,8.0,52.96,0.0,-100.0,1.0,-89.39,48.0,-0.0,-35.34,48.0
Josh Dunkley,12.32,36.96,21.31,13.37,26.74,57.83,5.57,16.71,52.35,6.32,25.28,80.37,1.48,1.48,61.57,0.7,-2.1,-17.74,0.25,1.5,-43.31,0.27,0.27,-26.63,25.69,37.92,14.8,31.33,11.06,50.07,0.4,75.44,5.17,50.82,4.73,66.37,3.78,24.96,0.38,-1.55,71.76,1.53,1.23,-16.1,0.45,8.7,1.24,140.31,302.74,5.5,7.94,51.82,1.55,35.37,21.97,133.15,106.92,1.01,44.03,106.84
Josh Kelly,13.53,40.59,33.22,11.57,23.14,36.58,4.17,12.51,14.06,3.97,15.88,13.3,0.41,0.41,-55.24,0.61,-1.83,-28.32,0.9,5.4,104.08,0.41,0.41,11.41,25.1,34.75,16.72,48.37,8.18,10.99,0.0,-100.0,4.16,21.35,3.32,16.78,4.79,58.35,0.47,21.76,72.91,3.16,2.2,50.07,0.33,-20.29,0.51,-1.16,458.87,59.9,6.76,29.25,1.2,4.8,12.03,27.67,96.47,-4.52,29.96,96.51
Josh Morris,5.0,15.0,-50.77,5.0,10.0,-40.98,2.0,6.0,-45.3,1.0,4.0,-71.46,2.0,2.0,118.34,0.0,-0.0,-100.0,0.0,0.0,-100.0,0.0,0.0,-100.0,10.0,-46.31,8.0,-29.01,3.0,-59.29,0.0,-100.0,2.0,-41.66,0.0,-100.0,2.0,-33.88,0.0,-100.0,50.0,-29.26,2.0,36.43,0.0,-100.0,0.0,-100.0,255.0,-11.14,1.0,-80.88,0.0,-100.0,0.0,-100.0,37.0,-0.0,-50.16,37.0
Josh P. Kennedy,6.0,18.0,-40.92,6.0,12.0,-29.17,2.0,6.0,-45.3,3.0,12.0,-14.38,0.0,0.0,-100.0,1.0,-3.0,17.51,0.0,0.0,-100.0,0.0,0.0,-100.0,12.0,-35.58,10.0,-11.26,0.0,-100.0,0.0,-100.0,2.0,-41.66,0.0,-100.0,0.0,-100.0,0.0,-100.0,75.0,6.12,2.0,36.43,0.0,-100.0,0.0,-100.0,127.0,-55.74,0.0,-100.0,2.0,74.67,0.0,-100.0,45.0,-0.0,-39.38,45.0
Josh Rachele,11.5,34.5,13.23,7.25,14.5,-14.41,5.5,16.5,50.44,3.25,13.0,-7.25,1.0,1.0,9.17,1.25,-3.75,46.89,1.5,9.0,240.14,1.0,1.0,171.74,18.75,0.66,13.5,19.8,6.0,-18.59,0.25,9.65,5.25,53.15,1.0,-64.83,4.0,32.23,1.5,288.6,70.8,0.17,0.75,-48.84,0.0,-100.0,1.25,142.25,347.75,21.18,3.75,-28.3,0.25,-78.17,12.25,30.0,85.75,-0.0,15.52,85.75
Josh Ward,5.93,17.79,-41.61,11.52,23.04,35.99,5.05,15.15,38.13,1.83,7.32,-47.77,0.02,0.02,-97.82,0.02,-0.06,-97.65,0.0,0.0,-100.0,0.0,0.0,-100.0,17.45,-6.32,13.57,20.42,3.88,-47.35,0.0,-100.0,5.05,47.32,1.88,-33.87,2.0,-33.88,0.02,-94.82,76.99,8.93,1.1,-24.97,0.9,117.39,0.86,66.67,190.57,-33.59,3.76,-28.11,1.81,58.08,8.02,-14.89,63.26,-4.75,-14.78,63.26
Josh Worrell,12.0,36.0,18.16,9.0,18.0,6.24,3.0,9.0,-17.94,2.0,8.0,-42.92,2.0,2.0,118.34,0.0,-0.0,-100.0,0.0,0.0,-100.0,0.0,0.0,-100.0,21.0,12.74,11.0,-2.39,7.0,-5.02,0.0,-100.0,3.0,-12.49,0.0,-100.0,1.0,-66.94,0.0,-100.0,85.7,21.25,4.0,172.85,0.0,-100.0,0.0,-100.0,264.0,-8.0,5.0,-4.4,1.0,-12.66,0.0,-100.0,73.0,-0.0,-1.66,73.0
Justin McInerney,9.0,27.0,-11.38,8.0,16.0,-5.56,4.0,12.0,9.41,0.0,0.0,-100.0,0.0,0.0,-100.0,0.0,-0.0,-100.0,0.0,0.0,-100.0,0.0,0.0,-100.0,17.0,-8.73,12.0,6.49,4.0,-45.73,0.0,-100.0,4.0,16.69,0.0,-100.0,4.0,32.23,0.0,-100.0,58.8,-16.81,1.0,-31.79,1.0,141.55,0.0,-100.0,190.0,-33.79,4.0,-23.52,2.0,74.67,0.0,-100.0,55.0,-0.0,-25.91,55.0
Jy Simpkin,12.49,37.47,22.98,9.31,18.62,9.9,3.12,9.36,-14.66,3.34,13.36,-4.68,1.33,1.33,45.2,1.66,-4.98,95.06,0.64,3.84,45.12,0.29,0.29,-21.2,21.79,16.98,12.57,11.54,9.52,29.17,0.2,-12.28,2.92,-14.82,4.17,46.68,4.36,44.13,0.75,94.3,67.74,-4.16,1.02,-30.42,0.54,30.43,0.53,2.71,338.08,17.81,6.02,15.11,1.08,-5.68,16.41,74.15,79.28,-10.9,6.8,79.29
Jye Caldwell,11.0,33.0,8.31,11.88,23.76,40.24,4.09,12.27,11.87,5.9,23.6,68.38,1.39,1.39,51.75,1.07,-3.21,25.73,0.32,1.92,-27.44,0.5,0.5,35.87,22.89,22.89,13.84,22.81,9.36,27.0,0.29,27.19,3.8,10.85,4.5,58.28,3.73,23.31,0.3,-22.28,74.16,4.93,1.5,2.32,0.51,23.19,0.7,35.66,322.47,12.37,6.21,18.74,1.49,30.13,13.56,43.9,93.25,9.98,25.62,93.23
Jye Menzie,6.79,20.37,-33.14,9.11,18.22,7.54,3.07,9.21,-16.03,2.07,8.28,-40.92,0.04,0.04,-95.63,0.04,-0.12,-95.3,1.07,6.42,142.63,0.11,0.11,-70.11,15.89,-14.69,9.43,-16.32,7.39,0.27,0.07,-69.3,3.0,-12.49,0.04,-98.59,2.82,-6.78,1.0,159.07,56.16,-20.54,0.86,-41.34,0.07,-83.09,0.18,-65.12,250.43,-12.73,7.21,37.86,0.04,-96.51,0.0,-100.0,62.54,6.23,-15.75,62.53
Kaine Baldwin,9.0,27.0,-11.38,5.0,10.0,-40.98,9.0,27.0,146.17,0.0,0.0,-100.0,0.0,0.0,-100.0,0.0,-0.0,-100.0,0.0,0.0,-100.0,0.0,0.0,-100.0,14.0,-24.84,10.0,-11.26,4.0,-45.73,1.0,338.6,8.0,133.37,1.0,-64.83,1.0,-66.94,0.0,-100.0,85.7,21.25,3.0,104.64,0.0,-100.0,0.0,-100.0,95.0,-66.9,3.0,-42.64,3.0,162.01,0.0,-100.0,64.0,-0.0,-13.78,64.0
Karl Amon,15.0,45.0,47.7,6.0,12.0,-29.17,5.0,15.0,36.76,1.0,4.0,-71.46,1.0,1.0,9.17,0.0,-0.0,-100.0,0.0,0.0,-100.0,0.0,0.0,-100.0,21.0,12.74,15.0,33.11,3.0,-59.29,0.0,-100.0,5.0,45.86,0.0,-100.0,2.0,-33.88,0.0,-100.0,90.5,28.05,8.0,445.7,2.0,383.09,0.0,-100.0,628.0,118.84,3.0,-42.64,1.0,-12.66,0.0,-100.0,77.0,-0.0,3.73,77.0
Kayne Turner,4.0,12.0,-60.61,4.0,8.0,-52.78,1.0,3.0,-72.65,9.0,36.0,156.85,1.0,1.0,9.17,0.0,-0.0,-100.0,0.0,0.0,-100.0,0.0,0.0,-100.0,8.0,-57.05,4.0,-64.5,4.0,-45.73,0.0,-100.0,1.0,-70.83,1.0,-64.83,1.0,-66.94,0.0,-100.0,62.5,-11.57,0.0,-100.0,0.0,-100.0,1.0,93.8,93.0,-67.59,3.0,-42.64,0.0,-100.0,0.0,-100.0,60.0,-0.0,-19.17,60.0
Keidean Coleman,14.0,42.0,37.85,5.0,10.0,-40.98,9.0,27.0,146.17,4.0,16.0,14.16,2.0,2.0,118.34,1.0,-3.0,17.51,0.0,0.0,-100.0,0.0,0.0,-100.0,19.0,2.0,12.0,6.49,7.0,-5.02,0.0,-100.0,9.0,162.54,0.0,-100.0,1.0,-66.94,0.0,-100.0,94.7,33.99,5.0,241.06,0.0,-100.0,0.0,-100.0,317.0,10.46,5.0,-4.4,0.0,-100.0,0.0,-100.0,94.0,-0.0,26.63,94.0
Kyle Langford,8.0,24.0,-21.23,10.0,20.0,18.05,5.0,15.0,36.76,7.0,28.0,99.77,0.0,0.0,-100.0,0.0,-0.0,-100.0,1.0,6.0,126.76,0.0,0.0,-100.0,18.0,-3.37,16.0,41.98,2.0,-72.86,0.0,-100.0,5.0,45.86,1.0,-64.83,4.0,32.23,1.0,159.07,77.8,10.08,0.0,-100.0,0.0,-100.0,0.0,-100.0,286.0,-0.34,2.0,-61.76,1.0,-12.66,15.0,59.18,93.0,-0.0,25.28,93.0
Kysaiah Pickett,8.97,26.91,-11.68,2.37,4.74,-72.02,1.94,5.82,-46.94,5.2,20.8,48.4,1.4,1.4,52.84,0.68,-2.04,-20.09,1.42,8.52,222.0,1.92,1.92,421.74,11.34,-39.12,5.61,-50.22,5.64,-23.47,0.03,-86.84,1.91,-44.28,1.37,-51.81,3.42,13.06,1.4,262.69,63.62,-9.99,0.0,-100.0,0.5,20.77,2.76,434.88,222.01,-22.64,4.23,-19.12,0.5,-56.33,4.32,-54.15,68.07,21.25,-8.3,68.07
Lachie Ash,17.05,51.15,67.88,11.14,22.28,31.51,5.0,15.0,36.76,1.33,5.32,-62.04,0.05,0.05,-94.54,0.1,-0.3,-88.25,0.05,0.3,-88.66,0.05,0.05,-86.41,28.19,51.34,21.52,90.97,4.19,-43.15,0.05,-78.07,4.95,44.4,1.9,-33.17,2.19,-27.6,0.1,-74.09,76.26,7.9,6.52,344.75,0.1,-75.85,0.0,-100.0,490.76,71.01,3.95,-24.47,0.95,-17.03,0.33,-96.5,93.86,9.14,26.44,93.85
Lachie Hunter,12.5,37.5,23.08,10.0,20.0,18.05,3.0,9.0,-17.94,2.0,8.0,-42.92,0.0,0.0,-100.0,0.0,-0.0,-100.0,0.0,0.0,-100.0,0.0,0.0,-100.0,22.5,20.79,16.5,46.42,8.0,8.55,0.0,-100.0,3.0,-12.49,2.0,-29.65,3.0,-0.83,0.5,29.53,57.8,-18.22,1.5,2.32,0.0,-100.0,0.5,-3.1,423.0,47.4,5.5,5.16,1.0,-12.66,0.0,-100.0,74.5,-0.0,0.36,74.5
Lachie Neale,13.6,40.8,33.91,15.67,31.34,84.98,4.58,13.74,25.27,3.39,13.56,-3.25,1.39,1.39,51.75,1.16,-3.48,36.31,0.52,3.12,17.91,0.22,0.22,-40.22,29.27,57.14,15.36,36.3,13.76,86.7,0.08,-64.91,4.5,31.27,7.58,166.62,4.59,51.74,0.29,-24.87,74.9,5.97,1.13,-22.92,0.99,139.13,0.31,-39.92,343.33,19.64,10.21,95.22,2.02,76.42,23.77,152.26,100.7,-1.0,35.66,100.69
Lachie Schultz,11.86,35.58,16.78,2.14,4.28,-74.74,3.86,11.58,5.58,5.43,21.72,54.97,0.0,0.0,-100.0,0.86,-2.58,1.06,0.0,0.0,-100.0,1.14,1.14,209.78,14.0,-24.84,9.43,-16.32,3.0,-59.29,0.0,-100.0,3.86,12.6,1.0,-64.83,1.86,-38.51,0.14,-63.73,51.04,-27.79,0.0,-100.0,0.0,-100.0,4.57,785.66,267.86,-6.66,2.86,-45.32,0.86,-24.89,0.0,-100.0,71.71,22.58,-3.4,71.72
Lachlan Bramble,17.0,51.0,67.39,3.0,6.0,-64.59,7.5,22.5,105.14,0.5,2.0,-85.73,0.0,0.0,-100.0,0.0,-0.0,-100.0,0.5,3.0,13.38,0.5,0.5,35.87,20.0,7.37,19.0,68.6,1.0,-86.43,0.0,-100.0,7.5,118.79,0.5,-82.41,4.0,32.23,0.0,-100.0,65.65,-7.11,1.5,2.32,0.5,20.77,0.0,-100.0,512.5,78.59,1.0,-80.88,1.5,31.0,0.0,-100.0,85.0,-0.0,14.51,85.0
Laitham Vandermeer,6.0,18.0,-40.92,6.0,12.0,-29.17,4.0,12.0,9.41,3.0,12.0,-14.38,0.0,0.0,-100.0,0.0,-0.0,-100.0,1.0,6.0,126.76,1.0,1.0,171.74,12.0,-35.58,8.0,-29.01,5.0,-32.16,0.0,-100.0,4.0,16.69,0.0,-100.0,2.0,-33.88,2.0,418.13,58.3,-17.51,0.0,-100.0,0.0,-100.0,2.0,287.6,155.0,-45.99,5.0,-4.4,0.0,-100.0,0.0,-100.0,61.0,-0.0,-17.83,61.0
Liam Baker,12.35,37.05,21.6,9.0,18.0,6.24,3.5,10.5,-4.27,3.86,15.44,10.16,1.07,1.07,16.81,1.5,-4.5,76.26,0.79,4.74,79.14,0.5,0.5,35.87,21.36,14.67,12.64,12.17,8.86,20.22,0.0,-100.0,3.5,2.1,3.14,10.45,3.78,24.96,0.57,47.67,65.31,-7.6,1.36,-7.23,0.35,-15.46,0.57,10.47,322.14,12.26,5.79,10.71,2.0,74.67,12.36,31.17,82.78,9.22,11.52,82.8
Liam Henry,11.0,33.0,8.31,9.0,18.0,6.24,5.0,15.0,36.76,3.0,12.0,-14.38,0.0,0.0,-100.0,0.0,-0.0,-100.0,1.0,6.0,126.76,0.0,0.0,-100.0,20.0,7.37,10.0,-11.26,10.0,35.69,1.0,338.6,4.0,16.69,3.0,5.52,4.0,32.23,1.0,159.07,65.0,-8.03,0.0,-100.0,1.0,141.55,1.0,93.8,265.0,-7.66,9.0,72.08,0.0,-100.0,0.0,-100.0,84.0,-0.0,13.16,84.0
Liam Shiels,7.63,22.89,-24.87,5.86,11.72,-30.82,3.53,10.59,-3.45,3.0,12.0,-14.38,1.84,1.84,100.87,0.72,-2.16,-15.39,0.28,1.68,-36.51,0.28,0.28,-23.91,13.49,-27.58,8.39,-25.55,4.97,-32.56,0.56,145.61,2.98,-13.07,1.14,-59.9,2.44,-19.34,0.0,-100.0,69.27,-1.99,1.56,6.41,0.28,-32.37,0.42,-18.6,208.33,-27.4,3.14,-39.96,0.86,-24.89,0.05,-99.47,58.84,-1.93,-20.73,58.84
Liam Stocker,8.0,24.0,-21.23,3.5,7.0,-58.68,4.5,13.5,23.09,2.0,8.0,-42.92,1.5,1.5,63.76,1.0,-3.0,17.51,0.0,0.0,-100.0,0.0,0.0,-100.0,11.5,-38.26,7.0,-37.88,4.0,-45.73,0.0,-100.0,4.5,31.27,0.0,-100.0,1.0,-66.94,0.0,-100.0,87.5,23.8,3.5,138.74,0.0,-100.0,0.0,-100.0,155.5,-45.81,3.0,-42.64,1.5,31.0,0.0,-100.0,51.0,-0.0,-31.3,51.0
Lincoln McCarthy,6.0,18.0,-40.92,5.0,10.0,-40.98,2.0,6.0,-45.3,3.0,12.0,-14.38,1.0,1.0,9.17,2.0,-6.0,135.02,0.0,0.0,-100.0,1.0,1.0,171.74,11.0,-40.95,8.0,-29.01,4.0,-45.73,1.0,338.6,1.0,-70.83,2.0,-29.65,0.0,-100.0,0.0,-100.0,72.7,2.86,0.0,-100.0,0.0,-100.0,1.0,93.8,202.0,-29.61,2.0,-61.76,1.0,-12.66,0.0,-100.0,42.0,-0.0,-43.42,42.0
Lloyd Meek,3.0,9.0,-70.46,7.0,14.0,-17.37,0.0,0.0,-100.0,6.0,24.0,71.23,0.0,0.0,-100.0,1.0,-3.0,17.51,0.0,0.0,-100.0,1.0,1.0,171.74,10.0,-46.31,6.0,-46.76,5.0,-32.16,0.0,-100.0,0.0,-100.0,1.0,-64.83,1.0,-66.94,0.0,-100.0,60.0,-15.11,0.0,-100.0,0.0,-100.0,2.0,287.6,17.0,-94.08,2.0,-61.76,0.0,-100.0,9.0,-4.49,60.0,-0.0,-19.17,45.0
Luke Davies-Uniacke,13.56,40.68,33.52,14.1,28.2,66.45,3.72,11.16,1.75,3.98,15.92,13.58,1.12,1.12,22.27,1.35,-4.05,58.64,0.49,2.94,11.11,0.21,0.21,-42.93,27.66,48.49,15.65,38.88,12.57,70.56,0.05,-78.07,3.67,7.06,6.38,124.41,5.25,73.55,0.15,-61.14,73.95,4.63,1.64,11.87,0.61,47.34,0.18,-65.12,400.2,39.46,8.7,66.35,1.01,-11.79,24.45,159.47,96.16,-1.25,29.54,96.18
Luke Dunstan,6.5,19.5,-36.0,13.5,27.0,59.37,1.5,4.5,-58.97,4.0,16.0,14.16,0.5,0.5,-45.41,1.5,-4.5,76.26,0.0,0.0,-100.0,0.0,0.0,-100.0,20.0,7.37,12.0,6.49,8.5,15.33,0.0,-100.0,1.5,-56.24,4.0,40.7,3.0,-0.83,0.0,-100.0,73.45,3.92,0.5,-65.89,0.0,-100.0,1.0,93.8,219.5,-23.51,8.0,52.96,2.5,118.34,18.0,91.02,63.0,-0.0,-15.13,63.0
Luke Edwards,9.29,27.87,-8.53,6.57,13.14,-22.44,3.71,11.13,1.48,2.0,8.0,-42.92,0.0,0.0,-100.0,0.0,-0.0,-100.0,0.14,0.84,-68.25,0.0,0.0,-100.0,15.86,-14.85,11.43,1.43,3.57,-51.56,0.0,-100.0,3.71,8.23,2.14,-24.73,0.14,-95.37,1.0,159.07,74.76,5.78,1.0,-31.79,0.0,-100.0,0.14,-72.87,184.29,-35.78,3.43,-34.42,0.29,-74.67,1.71,-81.85,61.0,4.27,-17.83,60.98
Luke Foley,9.0,27.0,-11.38,4.0,8.0,-52.78,6.0,18.0,64.11,1.0,4.0,-71.46,2.0,2.0,118.34,1.0,-3.0,17.51,0.0,0.0,-100.0,1.0,1.0,171.74,13.0,-30.21,10.0,-11.26,5.0,-32.16,0.0,-100.0,6.0,75.03,0.0,-100.0,3.0,-0.83,1.0,159.07,61.5,-12.99,2.0,36.43,0.0,-100.0,0.0,-100.0,215.0,-25.08,3.0,-42.64,1.0,-12.66,0.0,-100.0,57.0,-0.0,-23.21,57.0
Luke Jackson,9.25,27.75,-8.92,5.5,11.0,-35.07,3.5,10.5,-4.27,3.25,13.0,-7.25,1.0,1.0,9.17,0.5,-1.5,-41.25,1.0,6.0,126.76,1.0,1.0,171.74,14.75,-20.81,7.0,-37.88,7.5,1.76,1.25,448.25,2.25,-34.36,3.5,23.11,3.25,7.44,1.0,159.07,72.1,2.01,0.75,-48.84,0.25,-39.61,1.0,93.8,272.0,-5.22,3.5,-33.08,3.0,162.01,11.5,22.04,84.0,-0.0,13.16,68.75
Luke Parker,9.41,28.23,-7.35,7.83,15.66,-7.57,3.09,9.27,-15.48,2.52,10.08,-28.08,1.88,1.88,105.24,1.01,-3.03,18.68,0.89,5.34,101.81,0.05,0.05,-86.41,17.24,-7.45,12.05,6.93,5.18,-29.72,0.06,-73.68,3.03,-11.61,1.75,-38.45,3.88,28.26,0.06,-84.46,73.96,4.64,1.04,-29.06,0.1,-75.85,0.95,84.11,252.44,-12.03,3.86,-26.2,0.33,-71.18,8.46,-10.22,67.47,-19.04,-9.11,67.48
Luke Shuey,12.35,37.05,21.6,10.22,20.44,20.65,2.55,7.65,-30.25,5.45,21.8,55.54,2.09,2.09,128.17,1.62,-4.86,90.36,0.24,1.44,-45.58,0.23,0.23,-37.5,22.56,21.11,13.64,21.04,8.91,20.9,0.0,-100.0,2.55,-25.61,5.11,79.74,3.45,14.05,0.0,-100.0,74.96,6.06,1.41,-3.82,0.63,52.17,0.27,-47.67,317.95,10.8,5.67,8.41,1.05,-8.3,14.36,52.39,85.77,0.32,15.54,85.84
Marcus Bontempelli,13.72,41.16,35.09,12.17,24.34,43.67,3.97,11.91,8.59,5.84,23.36,66.67,1.07,1.07,16.81,0.9,-2.7,5.76,1.32,7.92,199.32,0.75,0.75,103.8,25.89,38.99,13.64,21.04,13.65,85.21,0.74,224.56,3.23,-5.78,6.34,123.0,5.58,84.46,0.84,117.62,67.68,-4.24,1.4,-4.5,1.15,177.78,0.88,70.54,436.47,52.1,8.01,53.15,2.23,94.76,21.21,125.09,107.83,-0.25,45.26,107.81
Marcus Windhager,8.35,25.05,-17.78,8.97,17.94,5.89,2.3,6.9,-37.09,4.94,19.76,40.98,0.96,0.96,4.8,1.03,-3.09,21.03,0.04,0.24,-90.93,0.15,0.15,-59.24,17.31,-7.07,10.32,-8.42,8.05,9.23,0.07,-69.3,2.23,-34.95,2.87,0.95,2.0,-33.88,0.19,-50.78,66.04,-6.56,1.29,-12.01,0.15,-63.77,0.56,8.53,215.54,-24.89,5.92,13.19,0.95,-17.03,14.92,58.34,67.9,5.41,-8.53,67.91
Mark Blicavs,6.94,20.82,-31.67,9.69,19.38,14.39,3.44,10.32,-5.91,3.48,13.92,-0.68,0.7,0.7,-23.58,1.21,-3.63,42.19,0.3,1.8,-31.97,0.21,0.21,-42.93,16.63,-10.72,8.27,-26.61,7.85,6.51,0.67,193.86,2.77,-19.19,3.05,7.28,2.54,-16.03,0.64,65.8,64.56,-8.66,0.75,-48.84,0.23,-44.44,0.15,-70.93,202.81,-29.33,5.24,0.19,1.29,12.66,14.83,57.38,70.93,-11.86,-4.45,63.52
Mark O'Connor,6.29,18.87,-38.07,8.94,17.88,5.54,4.0,12.0,9.41,6.63,26.52,89.21,0.99,0.99,8.08,0.98,-2.94,15.16,0.42,2.52,-4.76,0.43,0.43,16.85,15.23,-18.24,6.8,-39.66,8.05,9.23,0.5,119.3,3.5,2.1,3.14,10.45,2.0,-33.88,0.42,8.81,68.96,-2.43,0.37,-74.76,0.01,-97.58,0.42,-18.6,185.31,-35.43,6.48,23.9,2.53,120.96,9.85,4.53,76.25,16.61,2.72,76.27
Marlion Pickett,7.57,22.71,-25.46,8.86,17.72,4.59,3.85,11.55,5.31,3.43,13.72,-2.11,0.43,0.43,-53.06,1.57,-4.71,84.49,0.0,0.0,-100.0,0.57,0.57,54.89,16.43,-11.79,10.0,-11.26,7.72,4.75,0.0,-100.0,3.85,12.31,2.0,-29.65,2.43,-19.67,0.57,47.67,65.5,-7.33,1.71,16.64,0.57,37.68,0.0,-100.0,320.43,11.66,5.72,9.37,0.28,-75.55,9.71,3.05,62.28,8.95,-16.1,61.99
Massimo D'Ambrosio,4.0,12.0,-60.61,5.0,10.0,-40.98,1.0,3.0,-72.65,4.0,16.0,14.16,1.0,1.0,9.17,1.0,-3.0,17.51,2.0,12.0,353.51,0.0,0.0,-100.0,9.0,-51.68,5.0,-55.63,4.0,-45.73,0.0,-100.0,1.0,-70.83,0.0,-100.0,2.0,-33.88,1.0,159.07,55.6,-21.33,0.0,-100.0,1.0,141.55,1.0,93.8,178.0,-37.97,3.0,-42.64,0.0,-100.0,0.0,-100.0,51.0,-0.0,-31.3,51.0
Matt Crouch,10.89,32.67,7.23,19.77,39.54,133.38,3.81,11.43,4.21,3.59,14.36,2.45,1.95,1.95,112.88,0.63,-1.89,-25.97,0.05,0.3,-88.66,0.21,0.21,-42.93,30.67,64.65,18.02,59.91,11.79,59.97,0.21,-7.89,3.6,5.02,5.09,79.04,2.68,-11.4,0.02,-94.82,78.39,10.91,2.02,37.79,0.65,57.0,0.07,-86.43,263.67,-8.12,8.07,54.3,2.11,84.28,20.1,113.31,98.57,3.33,32.79,98.57
Matt Guelfi,6.0,18.0,-40.92,7.0,14.0,-17.37,6.0,18.0,64.11,4.0,16.0,14.16,2.0,2.0,118.34,1.0,-3.0,17.51,0.0,0.0,-100.0,1.0,1.0,171.74,13.0,-30.21,10.0,-11.26,4.0,-45.73,1.0,338.6,5.0,45.86,0.0,-100.0,2.0,-33.88,1.0,159.07,84.6,19.7,0.0,-100.0,2.0,383.09,3.0,481.4,93.0,-67.59,1.0,-80.88,1.0,-12.66,0.0,-100.0,66.0,-0.0,-11.09,66.0
Matt Rowell,11.3,33.9,11.26,13.58,27.16,60.31,2.03,6.09,-44.47,7.24,28.96,106.62,2.52,2.52,175.11,1.38,-4.14,62.16,0.25,1.5,-43.31,0.08,0.08,-78.26,24.88,33.57,9.37,-16.85,15.7,113.03,0.0,-100.0,2.03,-40.78,8.48,198.28,3.39,12.07,0.01,-97.41,68.53,-3.04,1.73,18.01,0.29,-29.95,0.62,20.16,330.32,15.11,9.97,90.63,2.26,97.38,21.26,125.62,96.13,9.26,29.5,96.07
Matt de Boer,3.0,9.0,-70.46,4.0,8.0,-52.78,1.0,3.0,-72.65,2.0,8.0,-42.92,2.0,2.0,118.34,1.0,-3.0,17.51,1.0,6.0,126.76,0.0,0.0,-100.0,7.0,-62.42,3.0,-73.38,4.0,-45.73,0.0,-100.0,1.0,-70.83,0.0,-100.0,1.0,-66.94,1.0,159.07,100.0,41.49,0.0,-100.0,1.0,141.55,1.0,93.8,74.0,-74.21,2.0,-61.76,1.0,-12.66,0.0,-100.0,33.0,-0.0,-55.54,33.0
Mattaes Phillipou,8.1,24.3,-20.24,6.76,13.52,-20.2,1.6,4.8,-56.24,4.64,18.56,32.42,1.0,1.0,9.17,0.9,-2.7,5.76,0.74,4.44,67.8,0.48,0.48,30.43,14.86,-20.22,8.02,-28.83,7.05,-4.34,0.1,-56.14,1.5,-56.24,2.33,-18.04,2.31,-23.64,0.48,24.35,64.7,-8.46,1.12,-23.6,0.0,-100.0,1.07,107.36,237.43,-17.26,5.64,7.84,0.79,-31.0,6.93,-26.46,64.36,-0.41,-13.3,64.4
Matthew Johnson,12.33,36.99,21.41,7.0,14.0,-17.37,5.67,17.01,55.09,3.0,12.0,-14.38,1.0,1.0,9.17,0.0,-0.0,-100.0,0.33,1.98,-25.17,0.33,0.33,-10.33,19.33,3.77,15.0,33.11,4.0,-45.73,0.0,-100.0,5.67,65.4,2.67,-6.09,4.67,54.38,0.33,-14.51,83.53,18.18,0.67,-54.3,0.33,-20.29,0.0,-100.0,380.33,32.53,2.67,-48.95,1.0,-12.66,3.67,-61.05,83.33,-0.0,12.26,83.31
Matthew Kennedy,11.89,35.67,17.07,9.67,19.34,14.15,4.66,13.98,27.46,4.37,17.48,24.71,1.04,1.04,13.54,1.06,-3.18,24.56,0.51,3.06,15.65,0.25,0.25,-32.07,21.56,15.75,11.57,2.67,9.61,30.39,0.24,5.26,4.42,28.94,2.97,4.47,3.43,13.39,0.51,32.12,64.45,-8.81,2.05,39.84,0.17,-58.94,0.15,-70.93,296.0,3.15,6.85,30.98,1.29,12.66,13.23,40.4,88.36,-2.91,19.03,87.64
Max Holmes,14.73,44.19,45.04,8.43,16.86,-0.48,6.52,19.56,78.34,3.01,12.04,-14.1,0.73,0.73,-20.31,0.48,-1.44,-43.6,0.44,2.64,-0.23,0.27,0.27,-26.63,23.16,24.34,14.76,30.98,7.84,6.38,0.15,-34.21,6.37,85.82,3.18,11.85,2.74,-9.42,0.47,21.76,62.8,-11.15,3.58,144.2,0.16,-61.35,0.17,-67.05,486.62,69.57,6.04,15.49,1.18,3.06,8.28,-12.13,94.87,14.76,27.8,94.85
Michael Frederick,6.0,18.0,-40.92,3.0,6.0,-64.59,5.0,15.0,36.76,0.0,0.0,-100.0,0.0,0.0,-100.0,0.0,-0.0,-100.0,0.0,0.0,-100.0,0.0,0.0,-100.0,9.0,-51.68,7.0,-37.88,2.0,-72.86,0.0,-100.0,5.0,45.86,0.0,-100.0,2.0,-33.88,0.0,-100.0,88.9,25.78,0.0,-100.0,0.0,-100.0,0.0,-100.0,154.0,-46.34,2.0,-61.76,0.0,-100.0,0.0,-100.0,39.0,-0.0,-47.46,39.0
Michael Walters,8.0,24.0,-21.23,4.5,9.0,-46.88,2.5,7.5,-31.62,1.5,6.0,-57.19,1.0,1.0,9.17,1.0,-3.0,17.51,1.0,6.0,126.76,1.5,1.5,307.61,12.5,-32.89,6.5,-42.32,5.5,-25.37,0.0,-100.0,2.5,-27.07,2.0,-29.65,2.5,-17.36,1.0,159.07,41.9,-40.72,0.0,-100.0,1.0,141.55,1.0,93.8,205.5,-28.39,5.0,-4.4,1.0,-12.66,2.5,-73.47,52.0,-0.0,-29.95,52.0
Mitch Duncan,16.18,48.54,59.31,6.35,12.7,-25.04,6.0,18.0,64.11,3.23,12.92,-7.82,0.35,0.35,-61.79,0.37,-1.11,-56.52,0.37,2.22,-16.1,0.72,0.72,95.65,22.53,20.95,15.14,34.35,4.46,-39.48,0.0,-100.0,6.0,75.03,0.84,-70.45,2.79,-7.77,0.61,58.03,74.54,5.46,4.14,182.4,0.28,-32.37,0.35,-32.17,464.14,61.74,4.02,-23.14,1.14,-0.44,0.93,-90.13,94.37,5.64,27.13,94.34
Mitch Owens,10.43,31.29,2.7,7.14,14.28,-15.71,3.57,10.71,-2.35,4.5,18.0,28.42,1.07,1.07,16.81,1.36,-4.08,59.81,0.14,0.84,-68.25,0.0,0.0,-100.0,17.57,-5.67,9.71,-13.83,8.57,16.28,1.79,685.09,1.79,-47.78,1.36,-52.16,2.79,-7.77,0.5,29.53,56.55,-19.99,0.93,-36.56,0.07,-83.09,0.36,-30.23,312.07,8.75,4.21,-19.5,0.5,-56.33,9.5,0.82,72.36,-4.48,-2.52,72.11
Mitch Robinson,14.0,42.0,37.85,7.0,14.0,-17.37,3.0,9.0,-17.94,1.0,4.0,-71.46,2.0,2.0,118.34,0.0,-0.0,-100.0,0.0,0.0,-100.0,0.0,0.0,-100.0,21.0,12.74,13.0,15.36,8.0,8.55,1.0,338.6,2.0,-41.66,2.0,-29.65,5.0,65.29,0.0,-100.0,66.7,-5.63,1.0,-31.79,0.0,-100.0,0.0,-100.0,454.0,58.2,6.0,14.72,2.0,74.67,0.0,-100.0,71.0,-0.0,-4.35,71.0
Nat Fyfe,6.9,20.7,-32.06,13.86,27.72,63.62,2.96,8.88,-19.04,3.01,12.04,-14.1,0.62,0.62,-32.31,1.49,-4.47,75.09,0.21,1.26,-52.38,0.35,0.35,-4.89,20.76,11.45,11.53,2.32,10.2,38.4,0.28,22.81,2.68,-21.82,5.0,75.87,2.37,-21.65,0.52,34.72,74.05,4.77,1.05,-28.38,0.26,-37.2,0.5,-3.1,176.95,-38.34,6.56,25.43,1.6,39.74,15.27,62.05,67.11,17.79,-9.59,67.1
Nathan O'Driscoll,7.44,22.32,-26.74,11.58,23.16,36.7,4.16,12.48,13.79,3.49,13.96,-0.4,0.88,0.88,-3.93,1.12,-3.36,31.61,0.88,5.28,99.55,0.05,0.05,-86.41,19.02,2.11,12.53,11.19,6.63,-10.04,0.0,-100.0,4.16,21.35,2.84,-0.11,2.02,-33.22,0.05,-87.05,74.8,5.83,1.67,13.92,0.14,-66.18,0.05,-90.31,278.98,-2.78,5.49,4.97,1.84,60.7,0.0,-100.0,74.81,-3.26,0.78,74.77
Ned Long,4.0,12.0,-60.61,4.0,8.0,-52.78,1.0,3.0,-72.65,5.0,20.0,42.69,1.0,1.0,9.17,1.0,-3.0,17.51,0.0,0.0,-100.0,0.0,0.0,-100.0,8.0,-57.05,4.0,-64.5,4.0,-45.73,0.0,-100.0,1.0,-70.83,0.0,-100.0,1.0,-66.94,0.0,-100.0,50.0,-29.26,0.0,-100.0,0.0,-100.0,0.0,-100.0,93.0,-67.59,4.0,-23.52,0.0,-100.0,2.0,-78.78,42.0,-0.0,-43.42,41.0
Ned Moyle,5.0,15.0,-50.77,4.0,8.0,-52.78,3.0,9.0,-17.94,3.0,12.0,-14.38,1.0,1.0,9.17,1.0,-3.0,17.51,0.0,0.0,-100.0,0.0,0.0,-100.0,9.0,-51.68,1.0,-91.13,8.0,8.55,3.0,1215.79,0.0,-100.0,4.0,40.7,2.0,-33.88,0.0,-100.0,66.7,-5.63,0.0,-100.0,0.0,-100.0,0.0,-100.0,155.0,-45.99,1.0,-80.88,0.0,-100.0,15.0,59.18,74.0,-0.0,-0.31,42.0
Neil Erasmus,10.0,30.0,-1.54,5.67,11.34,-33.07,5.0,15.0,36.76,1.67,6.68,-52.34,1.33,1.33,45.2,1.0,-3.0,17.51,0.0,0.0,-100.0,0.0,0.0,-100.0,15.67,-15.87,11.0,-2.39,4.33,-41.25,0.0,-100.0,5.0,45.86,2.33,-18.04,1.67,-44.79,0.0,-100.0,72.5,2.58,1.33,-9.28,0.0,-100.0,0.0,-100.0,258.33,-9.98,3.0,-42.64,0.67,-41.48,2.0,-78.78,61.33,-0.0,-17.38,61.35
Nic Martin,12.0,36.0,18.16,13.05,26.1,54.06,6.24,18.72,70.68,2.1,8.4,-40.07,1.0,1.0,9.17,0.14,-0.42,-83.55,0.14,0.84,-68.25,0.19,0.19,-48.37,25.05,34.48,16.86,49.61,8.33,13.03,0.0,-100.0,6.24,82.03,1.05,-63.07,1.57,-48.1,0.19,-50.78,63.31,-10.42,2.14,45.98,0.05,-87.92,0.14,-72.87,167.19,-41.74,7.24,38.43,1.0,-12.66,0.86,-90.87,90.81,0.53,22.33,90.83
Nick Daicos,15.94,47.82,56.95,14.24,28.48,68.1,3.42,10.26,-6.46,3.79,15.16,8.16,1.89,1.89,106.33,1.31,-3.93,53.94,1.02,6.12,131.29,0.68,0.68,84.78,30.18,62.02,15.57,38.17,13.72,86.16,0.0,-100.0,3.42,-0.23,8.11,185.26,5.1,68.6,0.54,39.9,67.41,-4.62,1.63,11.19,0.67,61.84,0.74,43.41,460.37,60.42,8.16,56.02,2.02,76.42,20.95,122.33,106.45,-4.19,43.4,106.48
Nick Holman,3.0,9.0,-70.46,5.5,11.0,-35.07,2.5,7.5,-31.62,3.5,14.0,-0.11,0.0,0.0,-100.0,0.0,-0.0,-100.0,0.0,0.0,-100.0,0.5,0.5,35.87,8.5,-54.37,8.0,-29.01,0.5,-93.22,0.0,-100.0,2.5,-27.07,0.0,-100.0,1.0,-66.94,0.5,29.53,86.35,22.17,1.0,-31.79,0.5,20.77,1.5,190.7,133.0,-53.65,0.5,-90.44,0.5,-56.33,0.0,-100.0,42.0,-0.0,-43.42,42.0
Nick Watson,9.5,28.5,-6.46,5.0,10.0,-40.98,5.0,15.0,36.76,2.5,10.0,-28.65,2.0,2.0,118.34,1.5,-4.5,76.26,1.5,9.0,240.14,1.0,1.0,171.74,14.5,-22.16,10.0,-11.26,5.5,-25.37,1.0,338.6,4.0,16.69,1.5,-47.24,3.5,15.7,2.0,418.13,71.6,1.3,0.0,-100.0,2.0,383.09,0.5,-3.1,279.0,-2.78,2.5,-52.2,1.5,31.0,0.0,-100.0,71.0,-0.0,-4.35,71.0
Noah Anderson,15.93,47.79,56.85,12.74,25.48,50.4,4.72,14.16,29.1,3.15,12.6,-10.1,1.04,1.04,13.54,0.42,-1.26,-50.65,0.58,3.48,31.52,0.4,0.4,8.7,28.67,53.92,17.56,55.83,10.99,49.12,0.01,-95.61,4.71,37.4,5.77,102.95,5.85,93.39,0.16,-58.55,67.54,-4.44,2.61,78.04,0.62,49.76,0.17,-67.05,513.49,78.94,7.57,44.74,1.37,19.65,22.21,135.7,103.62,1.64,39.59,103.69
Noah Answerth,8.0,24.0,-21.23,5.0,10.0,-40.98,4.0,12.0,9.41,4.0,16.0,14.16,1.0,1.0,9.17,1.0,-3.0,17.51,0.0,0.0,-100.0,0.0,0.0,-100.0,13.0,-30.21,12.0,6.49,2.0,-72.86,0.0,-100.0,4.0,16.69,0.0,-100.0,1.0,-66.94,0.0,-100.0,100.0,41.49,2.0,36.43,0.0,-100.0,0.0,-100.0,212.0,-26.12,1.0,-80.88,1.0,-12.66,0.0,-100.0,60.0,-0.0,-19.17,60.0
Oliver Florent,16.0,48.0,57.54,7.0,14.0,-17.37,4.0,12.0,9.41,5.0,20.0,42.69,0.0,0.0,-100.0,1.0,-3.0,17.51,0.0,0.0,-100.0,1.0,1.0,171.74,23.0,23.48,18.0,59.73,6.0,-18.59,0.0,-100.0,4.0,16.69,3.0,5.52,10.0,230.58,0.0,-100.0,65.2,-7.75,4.0,172.85,2.0,383.09,0.0,-100.0,589.0,105.25,6.0,14.72,1.0,-12.66,15.0,59.18,92.0,-0.0,23.94,92.0
Ollie Wines,10.07,30.21,-0.85,14.52,29.04,71.41,4.19,12.57,14.61,4.3,17.2,22.72,0.97,0.97,5.9,0.57,-1.71,-33.02,0.47,2.82,6.58,0.31,0.31,-15.76,24.59,32.01,13.13,16.51,11.26,52.78,0.13,-42.98,4.05,18.14,5.15,81.15,3.12,3.14,0.37,-4.15,71.47,1.12,1.03,-29.74,0.33,-20.29,0.65,25.97,272.64,-4.99,8.32,59.08,1.52,32.75,16.55,75.63,91.47,-0.45,23.22,91.41
Paddy Dow,8.14,24.42,-19.85,9.43,18.86,11.32,2.14,6.42,-41.47,3.15,12.6,-10.1,1.57,1.57,71.4,0.72,-2.16,-15.39,0.28,1.68,-36.51,0.28,0.28,-23.91,17.57,-5.67,9.43,-16.32,8.43,14.38,0.0,-100.0,2.14,-37.57,4.29,50.9,3.85,27.27,0.28,-27.46,58.97,-16.57,0.57,-61.12,0.43,3.86,0.29,-43.8,242.43,-15.52,5.43,3.82,1.43,24.89,19.29,104.71,63.71,-0.84,-14.17,63.67
Patrick Cripps,10.85,32.55,6.83,17.42,34.84,105.64,2.64,7.92,-27.79,5.45,21.8,55.54,2.02,2.02,120.52,1.87,-5.61,119.74,0.65,3.9,47.39,0.31,0.31,-15.76,28.27,51.77,13.03,15.63,15.4,108.96,0.31,35.96,2.33,-32.03,7.95,179.63,4.58,51.4,0.34,-11.92,69.11,-2.22,0.91,-37.93,0.54,30.43,0.74,43.41,335.72,16.99,8.43,61.19,1.87,63.32,22.96,143.66,98.46,1.76,32.64,97.73
Patrick Dangerfield,12.42,37.26,22.29,7.33,14.66,-13.47,3.41,10.23,-6.73,4.12,16.48,17.58,1.29,1.29,40.83,1.32,-3.96,55.11,0.51,3.06,15.65,0.44,0.44,19.57,19.75,6.03,8.67,-23.06,10.55,43.15,0.7,207.02,2.7,-21.24,5.32,87.13,6.41,111.9,0.6,55.44,61.9,-12.42,0.77,-47.48,0.63,52.17,0.92,78.29,451.71,57.41,6.32,20.84,1.65,44.1,18.66,98.03,79.49,0.75,7.08,79.46
Patrick Lipinski,9.13,27.39,-10.1,7.93,15.86,-6.39,2.94,8.82,-19.58,2.31,9.24,-34.08,0.11,0.11,-87.99,0.13,-0.39,-84.72,0.91,5.46,106.35,0.87,0.87,136.41,17.06,-8.41,10.74,-4.69,5.43,-26.32,0.87,281.58,2.07,-39.61,0.43,-84.88,3.03,0.17,0.0,-100.0,69.32,-1.92,1.14,-22.24,0.99,139.13,0.96,86.05,139.46,-51.4,4.27,-18.36,0.96,-16.16,1.46,-84.51,67.41,-8.22,-9.19,67.36
Paul Curtis,7.0,21.0,-31.08,4.0,8.0,-52.78,2.0,6.0,-45.3,1.0,4.0,-71.46,1.0,1.0,9.17,1.0,-3.0,17.51,1.0,6.0,126.76,1.0,1.0,171.74,11.0,-40.95,7.0,-37.88,5.0,-32.16,0.0,-100.0,2.0,-41.66,1.0,-64.83,1.0,-66.94,1.0,159.07,81.8,15.74,0.0,-100.0,3.0,624.64,0.0,-100.0,248.0,-13.58,3.0,-42.64,2.0,74.67,0.0,-100.0,44.0,-0.0,-40.73,44.0
Reuben Ginbey,6.87,20.61,-32.36,8.6,17.2,1.52,1.81,5.43,-50.49,5.24,20.96,49.54,0.73,0.73,-20.31,0.95,-2.85,11.63,0.17,1.02,-61.45,0.17,0.17,-53.8,15.47,-16.95,8.15,-27.68,7.19,-2.44,0.17,-25.44,1.64,-52.16,2.97,4.47,2.73,-9.75,0.34,-11.92,70.8,0.17,0.66,-54.98,0.34,-17.87,1.0,93.8,215.59,-24.87,5.75,9.94,1.05,-8.3,18.64,97.81,63.26,2.2,-14.78,63.27
Rhylee West,7.0,21.0,-31.08,4.5,9.0,-46.88,3.21,9.63,-12.2,4.71,18.84,34.42,0.0,0.0,-100.0,0.43,-1.29,-49.47,0.14,0.84,-68.25,0.86,0.86,133.7,11.5,-38.26,9.29,-17.56,4.14,-43.83,0.86,277.19,2.36,-31.16,1.0,-64.83,1.14,-62.31,1.86,381.87,67.46,-4.55,0.07,-95.23,1.21,192.27,0.07,-86.43,135.57,-52.76,2.36,-54.88,0.21,-81.66,0.0,-100.0,58.93,0.31,-20.61,58.88
Rhys Mathieson,9.0,27.0,-11.38,10.0,20.0,18.05,2.0,6.0,-45.3,3.0,12.0,-14.38,2.0,2.0,118.34,1.0,-3.0,17.51,0.0,0.0,-100.0,1.0,1.0,171.74,19.0,2.0,6.0,-46.76,13.0,76.39,0.0,-100.0,2.0,-41.66,8.0,181.39,1.0,-66.94,0.0,-100.0,73.7,4.28,1.0,-31.79,0.0,-100.0,0.0,-100.0,212.0,-26.12,9.0,72.08,2.0,74.67,19.0,101.63,65.0,-0.0,-12.44,65.0
Riley Bonner,7.0,21.0,-31.08,5.0,10.0,-40.98,6.0,18.0,64.11,1.0,4.0,-71.46,0.0,0.0,-100.0,0.0,-0.0,-100.0,0.0,0.0,-100.0,0.0,0.0,-100.0,12.0,-35.58,8.0,-29.01,4.0,-45.73,0.0,-100.0,6.0,75.03,1.0,-64.83,1.0,-66.94,0.0,-100.0,66.7,-5.63,2.0,36.43,0.0,-100.0,0.0,-100.0,210.0,-26.82,3.0,-42.64,0.0,-100.0,0.0,-100.0,53.0,-0.0,-28.6,53.0
Riley Collier-Dawkins,5.0,15.0,-50.77,11.0,22.0,29.85,2.0,6.0,-45.3,4.0,16.0,14.16,1.0,1.0,9.17,1.0,-3.0,17.51,0.0,0.0,-100.0,0.0,0.0,-100.0,16.0,-14.1,9.0,-20.13,7.0,-5.02,0.0,-100.0,2.0,-41.66,5.0,75.87,1.0,-66.94,0.0,-100.0,68.8,-2.66,1.0,-31.79,1.0,141.55,0.0,-100.0,134.0,-53.31,4.0,-23.52,0.0,-100.0,27.0,186.53,57.0,-0.0,-23.21,57.0
Riley Garcia,4.0,12.0,-60.61,12.0,24.0,41.66,0.0,0.0,-100.0,2.0,8.0,-42.92,2.0,2.0,118.34,1.0,-3.0,17.51,0.0,0.0,-100.0,1.0,1.0,171.74,16.0,-14.1,7.0,-37.88,9.0,22.12,0.0,-100.0,0.0,-100.0,0.0,-100.0,1.0,-66.94,0.0,-100.0,81.3,15.03,0.0,-100.0,0.0,-100.0,0.0,-100.0,64.0,-77.7,7.0,33.84,2.0,74.67,1.0,-89.39,44.0,-0.0,-40.73,44.0
Rory Laird,11.66,34.98,14.81,16.14,32.28,90.53,3.49,10.47,-4.54,6.17,24.68,76.08,1.36,1.36,48.47,1.16,-3.48,36.31,0.1,0.6,-77.32,0.26,0.26,-29.35,27.79,49.19,16.55,46.86,11.41,54.82,0.12,-47.37,3.37,-1.69,5.02,76.57,3.0,-0.83,0.1,-74.09,74.15,4.91,1.94,32.33,0.42,1.45,0.68,31.78,293.86,2.4,7.89,50.86,1.38,20.52,14.9,58.12,101.15,-7.72,36.26,101.15
Rory Sloane,9.71,29.13,-4.39,7.86,15.72,-7.21,4.5,13.5,23.09,1.93,7.72,-44.92,0.71,0.71,-22.49,1.43,-4.29,68.04,0.0,0.0,-100.0,0.0,0.0,-100.0,17.57,-5.67,10.07,-10.64,7.86,6.65,0.0,-100.0,4.5,31.27,2.21,-22.27,1.57,-48.1,0.07,-81.87,79.04,11.83,1.57,7.09,0.0,-100.0,0.07,-86.43,188.14,-34.44,6.14,17.4,0.64,-44.1,2.93,-68.91,62.5,-12.28,-15.8,62.49
Ryan Angwin,5.33,15.99,-47.52,8.0,16.0,-5.56,3.0,9.0,-17.94,4.0,16.0,14.16,0.67,0.67,-26.86,0.33,-0.99,-61.22,0.0,0.0,-100.0,0.0,0.0,-100.0,13.33,-28.44,8.0,-29.01,5.33,-27.68,0.0,-100.0,3.0,-12.49,1.0,-64.83,2.0,-33.88,0.33,-14.51,83.33,17.9,0.67,-54.3,0.0,-100.0,0.33,-36.05,152.33,-46.92,4.33,-17.21,0.0,-100.0,0.0,-100.0,56.67,-0.0,-23.66,56.67
Ryan Lester,11.0,33.0,8.31,3.5,7.0,-58.68,4.5,13.5,23.09,3.0,12.0,-14.38,1.5,1.5,63.76,1.0,-3.0,17.51,0.0,0.0,-100.0,0.0,0.0,-100.0,14.5,-22.16,8.0,-29.01,6.0,-18.59,1.0,338.6,3.5,2.1,0.0,-100.0,1.5,-50.41,0.0,-100.0,77.35,9.44,1.0,-31.79,0.0,-100.0,0.0,-100.0,225.5,-21.42,3.0,-42.64,1.5,31.0,0.0,-100.0,64.0,-0.0,-13.78,64.0
Sam Berry,7.88,23.64,-22.41,6.91,13.82,-18.43,1.02,3.06,-72.1,6.93,27.72,97.77,1.5,1.5,63.76,1.03,-3.09,21.03,0.22,1.32,-50.11,0.28,0.28,-23.91,14.79,-20.6,5.38,-52.26,9.86,33.79,0.0,-100.0,1.02,-70.25,4.35,53.01,2.86,-5.45,0.0,-100.0,73.71,4.29,1.24,-15.42,0.49,18.36,0.85,64.73,219.7,-23.44,7.63,45.89,2.05,79.04,14.14,50.06,68.22,1.11,-8.1,68.25
Sam Docherty,10.11,30.33,-0.45,2.39,4.78,-71.79,5.01,15.03,37.04,1.67,6.68,-52.34,0.18,0.18,-80.35,0.08,-0.24,-90.6,0.05,0.3,-88.66,0.14,0.14,-61.96,12.5,-32.89,10.35,-8.16,2.93,-60.24,0.0,-100.0,5.01,46.15,0.58,-79.6,1.66,-45.12,0.04,-89.64,62.23,-11.95,3.8,159.21,0.09,-78.26,0.02,-96.12,338.8,18.06,1.8,-65.58,1.04,-9.17,4.39,-53.41,57.22,-38.35,-22.92,57.2
Sam Draper,7.5,22.5,-26.15,1.0,2.0,-88.2,1.5,4.5,-58.97,1.0,4.0,-71.46,0.5,0.5,-45.41,0.5,-1.5,-41.25,0.0,0.0,-100.0,1.0,1.0,171.74,8.5,-54.37,2.5,-77.82,4.5,-38.94,0.5,119.3,1.0,-70.83,2.0,-29.65,3.5,15.7,0.0,-100.0,51.4,-27.28,0.0,-100.0,1.0,141.55,0.0,-100.0,137.0,-52.26,1.5,-71.32,1.5,31.0,12.0,27.35,46.5,-0.0,-37.36,33.0
Sam Durham,10.45,31.35,2.89,9.75,19.5,15.1,4.51,13.53,23.36,4.07,16.28,16.15,1.1,1.1,20.09,0.96,-2.88,12.81,0.43,2.58,-2.49,0.19,0.19,-48.37,20.2,8.44,12.91,14.56,7.4,0.41,0.36,57.89,4.16,21.35,3.42,20.3,3.7,22.31,0.18,-53.37,77.99,10.35,0.93,-36.56,0.51,23.19,0.47,-8.91,312.98,9.06,4.76,-8.99,0.93,-18.78,11.72,24.38,81.67,19.81,10.02,81.65
Sam Flanders,14.53,43.59,43.07,15.53,31.06,83.33,4.11,12.33,12.42,1.75,7.0,-50.06,1.28,1.28,39.74,0.35,-1.05,-58.87,0.89,5.34,101.81,0.15,0.15,-59.24,30.07,61.43,21.14,87.59,9.46,28.36,0.0,-100.0,4.11,19.89,5.18,82.2,5.43,79.5,0.18,-53.37,77.43,9.55,1.18,-19.51,1.0,141.55,0.25,-51.55,440.46,53.49,6.57,25.62,1.18,3.06,14.5,53.88,99.72,-1.35,34.34,99.7
Sam Switkowski,7.0,21.0,-31.08,6.0,12.0,-29.17,0.0,0.0,-100.0,4.0,16.0,14.16,2.0,2.0,118.34,0.0,-0.0,-100.0,1.0,6.0,126.76,0.0,0.0,-100.0,13.0,-30.21,4.0,-64.5,11.0,49.25,0.0,-100.0,0.0,-100.0,2.0,-29.65,4.0,32.23,0.0,-100.0,69.2,-2.09,0.0,-100.0,0.0,-100.0,2.0,287.6,200.0,-30.31,6.0,14.72,2.0,74.67,3.0,-68.16,57.0,-0.0,-23.21,57.0
Sam Walsh,13.31,39.93,31.06,14.94,29.88,76.37,3.1,9.3,-15.21,6.42,25.68,83.22,0.9,0.9,-1.75,1.29,-3.87,51.59,0.28,1.68,-36.51,0.44,0.44,19.57,28.25,51.66,17.0,50.86,11.01,49.39,0.02,-91.23,3.08,-10.15,4.9,72.35,4.92,62.64,0.05,-87.05,67.45,-4.57,1.4,-4.5,0.58,40.1,0.49,-5.04,382.59,33.32,8.84,69.02,1.58,37.99,20.06,112.88,103.95,4.67,40.03,103.94
Scott Pendlebury,11.67,35.01,14.91,10.35,20.7,22.18,3.13,9.39,-14.39,4.16,16.64,18.72,0.99,0.99,8.08,0.64,-1.92,-24.79,0.32,1.92,-27.44,0.16,0.16,-56.52,22.01,18.16,12.61,11.9,8.67,17.64,0.06,-73.68,3.07,-10.44,4.24,49.14,3.07,1.49,0.18,-53.37,70.95,0.38,1.67,13.92,0.6,44.93,0.47,-8.91,300.54,4.73,6.09,16.44,1.39,21.4,18.7,98.45,82.9,-0.58,11.68,82.89
Seamus Mitchell,10.0,30.0,-1.54,4.0,8.0,-52.78,4.0,12.0,9.41,1.0,4.0,-71.46,0.0,0.0,-100.0,0.0,-0.0,-100.0,0.0,0.0,-100.0,0.0,0.0,-100.0,14.0,-24.84,9.0,-20.13,3.0,-59.29,1.0,338.6,3.0,-12.49,0.0,-100.0,0.0,-100.0,0.0,-100.0,85.7,21.25,3.0,104.64,0.0,-100.0,0.0,-100.0,146.0,-49.12,2.0,-61.76,0.0,-100.0,0.0,-100.0,54.0,-0.0,-27.26,54.0
Sebastian Ross,11.55,34.65,13.73,8.66,17.32,2.23,3.5,10.5,-4.27,4.95,19.8,41.27,0.37,0.37,-59.61,0.72,-2.16,-15.39,0.13,0.78,-70.52,0.25,0.25,-32.07,20.21,8.5,13.88,23.17,6.62,-10.18,0.01,-95.61,3.49,1.81,3.32,16.78,2.99,-1.16,0.13,-66.32,76.14,7.73,1.8,22.78,0.34,-17.87,0.29,-43.8,293.66,2.33,4.61,-11.85,1.28,11.79,14.7,56.0,81.49,-2.41,9.78,81.51
Shai Bolton,10.63,31.89,4.67,8.22,16.44,-2.96,4.74,14.22,29.65,5.63,22.52,60.67,0.97,0.97,5.9,0.11,-0.33,-87.07,0.19,1.14,-56.92,1.05,1.05,185.33,18.85,1.2,10.43,-7.45,9.33,26.59,0.1,-56.14,4.64,35.36,6.7,135.67,4.24,40.17,1.02,164.25,66.61,-5.76,2.73,86.22,0.15,-63.77,0.14,-72.87,414.66,44.5,5.35,2.29,0.21,-81.66,27.22,188.87,87.85,-2.35,18.35,87.9
Shaun Mannagh,8.0,24.0,-21.23,4.0,8.0,-52.78,2.0,6.0,-45.3,3.0,12.0,-14.38,1.0,1.0,9.17,0.0,-0.0,-100.0,2.0,12.0,353.51,0.0,0.0,-100.0,12.0,-35.58,5.0,-55.63,9.0,22.12,0.0,-100.0,2.0,-41.66,3.0,5.52,2.0,-33.88,1.0,159.07,66.7,-5.63,2.0,36.43,0.0,-100.0,0.0,-100.0,232.0,-19.16,7.0,33.84,1.0,-12.66,0.0,-100.0,63.0,-0.0,-15.13,63.0
Steele Sidebottom,15.42,46.26,51.83,6.84,13.68,-19.25,5.07,15.21,38.68,4.65,18.6,32.71,1.0,1.0,9.17,1.77,-5.31,107.99,0.28,1.68,-36.51,0.84,0.84,128.26,22.26,19.5,14.51,28.76,7.17,-2.71,0.28,22.81,4.79,39.73,3.42,20.3,2.81,-7.11,0.56,45.08,63.52,-10.13,2.51,71.21,0.56,35.27,0.02,-96.12,393.17,37.01,4.58,-12.43,0.84,-26.64,12.56,33.29,91.95,29.92,23.87,91.96
Stephen Coniglio,12.97,38.91,27.71,11.13,22.26,31.39,2.29,6.87,-37.36,3.76,15.04,7.31,0.98,0.98,6.99,1.51,-4.53,77.44,0.4,2.4,-9.3,0.4,0.4,8.7,24.11,29.44,15.94,41.45,7.51,1.9,0.01,-95.61,2.28,-33.49,4.45,56.52,4.11,35.87,0.36,-6.74,69.3,-1.95,1.41,-3.82,1.34,223.67,0.11,-78.68,365.55,27.38,5.26,0.57,0.92,-19.65,21.1,123.92,82.34,-12.74,10.92,82.33
Tanner Bruhn,10.66,31.98,4.96,8.09,16.18,-4.5,1.97,5.91,-46.12,5.39,21.56,53.82,1.27,1.27,38.65,1.39,-4.17,63.34,0.24,1.44,-45.58,0.34,0.34,-7.61,18.74,0.61,9.97,-11.53,8.76,18.86,0.0,-100.0,1.97,-42.53,5.04,77.28,3.37,11.4,0.16,-58.55,67.07,-5.1,1.33,-9.28,0.26,-37.2,0.51,-1.16,300.07,4.56,6.46,23.52,1.34,17.03,17.24,82.96,74.51,-4.54,0.37,74.51
Tarryn Thomas,10.36,31.08,2.01,7.29,14.58,-13.94,3.07,9.21,-16.03,2.36,9.44,-32.65,0.5,0.5,-45.41,1.07,-3.21,25.73,0.0,0.0,-100.0,0.07,0.07,-80.98,17.64,-5.3,9.86,-12.5,6.36,-13.7,0.14,-38.6,2.93,-14.53,2.86,0.6,3.07,1.49,0.07,-81.87,75.36,6.62,2.36,60.98,0.43,3.86,0.43,-16.67,330.0,14.99,5.57,6.5,1.07,-6.55,9.0,-4.49,61.64,8.14,-16.96,61.67
Taylor Adams,9.09,27.27,-10.5,13.9,27.8,64.09,5.55,16.65,51.81,4.2,16.8,19.86,0.97,0.97,5.9,1.2,-3.6,41.01,0.0,0.0,-100.0,0.1,0.1,-72.83,22.99,23.42,16.88,49.79,7.23,-1.9,0.0,-100.0,5.55,61.9,1.52,-46.54,5.63,86.12,0.06,-84.46,62.22,-11.97,1.69,15.28,1.0,141.55,0.98,89.92,271.98,-5.22,5.09,-2.68,0.96,-16.16,9.77,3.68,86.02,8.03,15.88,85.99
Thomson Dow,6.21,18.63,-38.85,11.51,23.02,35.88,1.87,5.61,-48.85,2.12,8.48,-39.5,1.13,1.13,23.36,0.56,-1.68,-34.2,0.01,0.06,-97.73,0.08,0.08,-78.26,17.72,-4.87,8.98,-20.31,8.87,20.35,0.0,-100.0,1.87,-45.45,4.36,53.36,1.79,-40.83,0.08,-79.27,70.93,0.36,1.22,-16.78,0.26,-37.2,0.09,-82.56,164.36,-42.73,5.94,13.58,0.97,-15.28,17.48,85.5,55.31,-5.59,-25.49,55.33
Tim Kelly,12.55,37.65,23.57,12.03,24.06,42.01,3.07,9.21,-16.03,4.66,18.64,32.99,1.0,1.0,9.17,1.31,-3.93,53.94,0.21,1.26,-52.38,0.37,0.37,0.54,24.57,31.91,13.45,19.35,11.3,53.32,0.02,-91.23,3.05,-11.03,5.71,100.84,4.57,51.07,0.07,-81.87,67.69,-4.23,1.67,13.92,0.75,81.16,0.31,-39.92,398.04,38.7,8.71,66.54,1.25,9.17,22.4,137.72,88.3,-3.14,18.95,88.26
Tim Taranto,12.66,37.98,24.66,12.88,25.76,52.05,3.52,10.56,-3.72,5.53,22.12,57.82,1.11,1.11,21.18,1.0,-3.0,17.51,0.46,2.76,4.31,0.66,0.66,79.35,25.54,37.11,13.44,19.27,11.43,55.09,0.18,-21.05,3.33,-2.86,5.68,99.79,3.69,21.98,0.39,1.04,63.91,-9.58,1.87,27.56,0.68,64.25,0.76,47.29,328.14,14.35,7.61,45.51,0.96,-16.16,20.38,116.28,97.94,-5.81,31.94,97.95
Toby Bedford,4.17,12.51,-58.94,8.17,16.34,-3.55,1.5,4.5,-58.97,8.67,34.68,147.43,0.33,0.33,-63.97,1.33,-3.99,56.29,0.33,1.98,-25.17,0.0,0.0,-100.0,12.33,-33.81,8.33,-26.08,4.0,-45.73,0.0,-100.0,1.5,-56.24,2.0,-29.65,2.17,-28.26,0.33,-14.51,86.25,22.03,0.33,-77.49,0.67,61.84,0.67,29.84,124.67,-56.56,3.0,-42.64,0.67,-41.48,24.33,158.2,66.33,-0.0,-10.65,66.35
Toby McMullin,2.0,6.0,-80.31,4.0,8.0,-52.78,0.0,0.0,-100.0,3.0,12.0,-14.38,2.0,2.0,118.34,0.0,-0.0,-100.0,1.0,6.0,126.76,0.0,0.0,-100.0,6.0,-67.79,5.0,-55.63,3.0,-59.29,0.0,-100.0,0.0,-100.0,1.0,-64.83,0.0,-100.0,0.0,-100.0,66.7,-5.63,1.0,-31.79,0.0,-100.0,3.0,481.4,113.0,-60.62,2.0,-61.76,1.0,-12.66,0.0,-100.0,34.0,-0.0,-54.2,34.0
Todd Goldstein,9.0,27.0,-11.38,9.0,18.0,6.24,2.0,6.0,-45.3,2.0,8.0,-42.92,4.0,4.0,336.68,2.0,-6.0,135.02,0.0,0.0,-100.0,0.0,0.0,-100.0,18.0,-3.37,5.0,-55.63,14.0,89.96,0.0,-100.0,2.0,-41.66,8.0,181.39,4.0,32.23,0.0,-100.0,66.7,-5.63,3.0,104.64,0.0,-100.0,0.0,-100.0,291.0,1.4,5.0,-4.4,2.0,74.67,15.0,59.18,79.0,-0.0,6.42,57.0
Tom Atkins,8.2,24.6,-19.26,10.17,20.34,20.06,1.66,4.98,-54.6,5.97,23.88,70.38,1.34,1.34,46.29,1.48,-4.44,73.91,0.04,0.24,-90.93,0.0,0.0,-100.0,18.36,-1.43,9.72,-13.75,9.43,27.95,0.01,-95.61,1.64,-52.16,3.94,38.59,2.95,-2.48,0.06,-84.46,72.21,2.17,1.19,-18.83,0.58,40.1,0.67,29.84,214.11,-25.39,7.2,37.67,1.61,40.61,19.38,105.67,70.91,-10.4,-4.48,70.94
Tom Green,13.63,40.89,34.21,18.03,36.06,112.84,3.42,10.26,-6.46,4.51,18.04,28.71,0.56,0.56,-38.86,1.17,-3.51,37.49,0.39,2.34,-11.56,0.13,0.13,-64.67,31.66,69.97,17.35,53.96,14.42,95.66,0.1,-56.14,3.33,-2.86,5.99,110.69,4.15,37.19,0.12,-68.91,66.87,-5.39,2.29,56.21,0.32,-22.71,0.32,-37.98,415.87,44.92,10.42,99.24,1.53,33.62,23.23,146.52,104.77,5.9,41.14,104.77
Tom Liberatore,11.0,33.0,8.31,13.38,26.76,57.95,2.8,8.4,-23.41,5.81,23.24,65.81,1.29,1.29,40.83,1.45,-4.35,70.39,0.26,1.56,-41.04,0.41,0.41,11.41,24.38,30.89,11.06,-1.85,13.72,86.16,0.11,-51.75,2.7,-21.24,7.89,177.52,4.11,35.87,0.14,-63.73,73.42,3.88,1.89,28.92,0.57,37.68,0.74,43.41,299.88,4.5,9.94,90.06,1.93,68.56,20.43,116.81,90.24,-2.5,21.56,90.31
Tom McDonald,7.0,21.0,-31.08,3.0,6.0,-64.59,5.0,15.0,36.76,0.0,0.0,-100.0,0.0,0.0,-100.0,1.0,-3.0,17.51,1.0,6.0,126.76,0.0,0.0,-100.0,10.0,-46.31,7.0,-37.88,3.0,-59.29,0.0,-100.0,5.0,45.86,0.0,-100.0,1.0,-66.94,3.0,677.2,50.0,-29.26,0.0,-100.0,2.0,383.09,0.0,-100.0,222.0,-22.64,3.0,-42.64,0.0,-100.0,0.0,-100.0,48.0,-0.0,-35.34,45.0
Tom Mitchell,5.36,16.08,-47.22,15.18,30.36,79.2,2.18,6.54,-40.37,5.92,23.68,68.95,1.49,1.49,62.66,1.89,-5.67,122.09,0.47,2.82,6.58,0.01,0.01,-97.28,20.54,10.27,10.02,-11.08,10.97,48.85,0.43,88.6,1.75,-48.95,4.48,57.58,1.04,-65.62,0.87,125.39,78.51,11.08,0.13,-91.13,0.08,-80.68,0.47,-8.91,141.41,-50.72,7.48,43.02,1.47,28.38,14.81,57.17,75.28,-12.28,1.41,75.31
Tom Powell,10.39,31.17,2.3,11.54,23.08,36.23,4.5,13.5,23.09,4.79,19.16,36.7,0.33,0.33,-63.97,0.6,-1.8,-29.49,0.64,3.84,45.12,0.0,0.0,-100.0,21.93,17.73,14.39,27.7,7.32,-0.68,0.0,-100.0,4.5,31.27,4.39,54.41,3.21,6.12,0.21,-45.6,80.31,13.63,1.93,31.65,0.57,37.68,0.36,-30.23,287.14,0.06,5.5,5.16,1.33,16.16,14.11,49.74,89.25,16.76,20.23,89.28
Tom Sparrow,8.09,24.27,-20.34,3.91,7.82,-53.84,4.33,12.99,18.44,1.4,5.6,-60.05,0.0,0.0,-100.0,0.02,-0.06,-97.65,0.0,0.0,-100.0,0.42,0.42,14.13,12.0,-35.58,8.23,-26.97,3.35,-54.55,0.0,-100.0,4.33,26.31,0.58,-79.6,3.02,-0.17,0.0,-100.0,68.65,-2.87,1.42,-3.14,0.02,-95.17,0.42,-18.6,216.51,-24.55,2.77,-47.04,0.42,-63.32,1.95,-79.31,51.0,-20.72,-31.3,51.04
Tom Stewart,17.5,52.5,72.31,7.5,15.0,-11.46,6.25,18.75,70.95,3.0,12.0,-14.38,1.5,1.5,63.76,1.0,-3.0,17.51,0.0,0.0,-100.0,0.0,0.0,-100.0,25.0,34.21,14.25,26.45,10.5,42.47,0.75,228.95,5.5,60.44,3.5,23.11,3.25,7.44,0.0,-100.0,77.38,9.48,4.75,224.01,0.25,-39.61,0.75,45.35,444.0,54.72,7.5,43.4,2.25,96.51,20.0,112.25,96.75,-0.0,30.33,96.75
Touk Miller,12.49,37.47,22.98,13.99,27.98,65.15,3.08,9.24,-15.75,4.99,19.96,42.41,1.33,1.33,45.2,1.28,-3.84,50.41,0.26,1.56,-41.04,0.39,0.39,5.98,26.5,42.27,15.85,40.65,11.0,49.25,0.02,-91.23,3.07,-10.44,5.04,77.28,4.57,51.07,0.21,-45.6,71.79,1.57,2.03,38.47,0.99,139.13,0.73,41.47,402.15,40.14,7.46,42.64,1.19,3.93,18.33,94.52,94.07,-5.66,26.72,94.09
Travis Boak,13.0,39.0,28.0,15.18,30.36,79.2,4.82,14.46,31.84,4.55,18.2,29.85,1.09,1.09,19.0,0.82,-2.46,-3.64,0.55,3.3,24.72,0.45,0.45,22.28,28.18,51.29,16.0,41.98,13.18,78.83,0.09,-60.53,4.73,37.98,6.55,130.39,6.18,104.3,0.27,-30.05,73.8,4.42,0.82,-44.07,0.73,76.33,0.36,-30.23,372.27,29.72,8.64,65.2,1.45,26.64,19.27,104.5,104.36,-0.0,40.59,104.4
Trent Cotchin,10.76,32.28,5.95,9.61,19.22,13.45,3.28,9.84,-10.28,2.33,9.32,-33.5,1.16,1.16,26.64,0.98,-2.94,15.16,0.46,2.76,4.31,0.44,0.44,19.57,20.37,9.36,10.93,-3.01,9.39,27.41,0.15,-34.21,3.15,-8.11,3.58,25.92,3.65,20.66,0.45,16.58,69.48,-1.7,1.15,-21.56,0.24,-42.03,0.04,-92.25,287.27,0.1,5.87,12.24,0.52,-54.59,13.75,45.92,72.14,-1.59,-2.82,72.08
Trent Rivers,11.67,35.01,14.91,10.5,21.0,23.95,3.67,11.01,0.38,2.67,10.68,-23.8,0.83,0.83,-9.39,0.5,-1.5,-41.25,0.17,1.02,-61.45,0.0,0.0,-100.0,22.17,19.02,12.33,9.42,9.17,24.42,0.17,-25.44,3.5,2.1,4.0,40.7,4.33,43.14,0.17,-55.96,68.13,-3.61,2.67,82.13,0.67,61.84,0.0,-100.0,354.5,23.53,7.17,37.09,0.83,-27.51,14.83,57.38,78.0,-0.0,5.08,78.05
Tyler Brockman,4.0,12.0,-60.61,7.0,14.0,-17.37,3.0,9.0,-17.94,2.0,8.0,-42.92,1.0,1.0,9.17,0.0,-0.0,-100.0,0.0,0.0,-100.0,0.0,0.0,-100.0,11.0,-40.95,5.0,-55.63,6.0,-18.59,0.0,-100.0,3.0,-12.49,0.0,-100.0,1.0,-66.94,0.0,-100.0,90.9,28.61,0.0,-100.0,1.0,141.55,1.0,93.8,59.0,-79.44,5.0,-4.4,1.0,-12.66,0.0,-100.0,44.0,-0.0,-40.73,44.0
Tyler Brown,2.0,6.0,-80.31,6.0,12.0,-29.17,0.0,0.0,-100.0,7.0,28.0,99.77,0.0,0.0,-100.0,1.0,-3.0,17.51,1.0,6.0,126.76,0.0,0.0,-100.0,8.0,-57.05,2.0,-82.25,6.0,-18.59,0.0,-100.0,0.0,-100.0,2.0,-29.65,0.0,-100.0,0.0,-100.0,75.0,6.12,2.0,36.43,0.0,-100.0,0.0,-100.0,42.0,-85.36,6.0,14.72,2.0,74.67,15.0,59.18,49.0,-0.0,-33.99,49.0
Tyler Sonsie,11.25,33.75,10.77,7.75,15.5,-8.51,3.25,9.75,-11.11,1.75,7.0,-50.06,0.5,0.5,-45.41,0.0,-0.0,-100.0,0.25,1.5,-43.31,0.75,0.75,103.8,19.0,2.0,11.75,4.27,7.0,-5.02,0.0,-100.0,3.25,-5.19,1.25,-56.03,2.5,-17.36,1.25,223.83,65.28,-7.64,1.0,-31.79,0.75,81.16,0.0,-100.0,261.0,-9.05,6.0,14.72,2.25,96.51,6.25,-33.67,68.75,-0.0,-7.38,68.75
Wil Dawson,6.0,18.0,-40.92,5.0,10.0,-40.98,4.0,12.0,9.41,1.0,4.0,-71.46,0.0,0.0,-100.0,0.0,-0.0,-100.0,0.0,0.0,-100.0,0.0,0.0,-100.0,11.0,-40.95,5.0,-55.63,6.0,-18.59,1.0,338.6,3.0,-12.49,0.0,-100.0,0.0,-100.0,0.0,-100.0,90.9,28.61,1.0,-31.79,0.0,-100.0,0.0,-100.0,92.0,-67.94,5.0,-4.4,2.0,74.67,0.0,-100.0,44.0,-0.0,-40.73,44.0
Will Ashcroft,10.0,30.0,-1.54,11.0,22.0,29.85,1.0,3.0,-72.65,2.0,8.0,-42.92,1.0,1.0,9.17,0.0,-0.0,-100.0,0.0,0.0,-100.0,1.0,1.0,171.74,21.0,12.74,16.0,41.98,5.0,-32.16,0.0,-100.0,1.0,-70.83,3.0,5.52,4.0,32.23,0.0,-100.0,61.9,-12.42,1.0,-31.79,0.0,-100.0,0.0,-100.0,273.0,-4.87,3.0,-42.64,1.0,-12.66,7.0,-25.71,65.0,-0.0,-12.44,65.0
Will Brodie,7.96,23.88,-21.62,14.75,29.5,74.12,1.49,4.47,-59.25,4.1,16.4,17.01,0.87,0.87,-5.02,0.82,-2.46,-3.64,0.26,1.56,-41.04,0.24,0.24,-34.78,22.71,21.92,12.56,11.46,10.77,46.13,0.23,0.88,1.26,-63.24,5.33,87.48,3.37,11.4,0.01,-97.41,72.96,3.23,0.58,-60.44,0.06,-85.51,0.71,37.6,246.67,-14.04,7.44,42.26,0.62,-45.85,15.6,65.55,74.49,-11.16,0.35,74.46
Will Day,10.09,30.27,-0.65,7.38,14.76,-12.88,2.29,6.87,-37.36,4.44,17.76,26.71,1.81,1.81,97.6,0.62,-1.86,-27.14,0.02,0.12,-95.46,0.71,0.71,92.93,17.47,-6.21,10.12,-10.2,7.96,8.01,0.29,27.19,2.01,-41.37,3.79,33.31,4.58,51.4,0.26,-32.64,77.8,10.08,0.77,-47.48,0.69,66.67,0.05,-90.31,315.22,9.84,4.57,-12.62,0.49,-57.21,18.62,97.6,70.44,-4.05,-5.11,70.44
Will Graham,6.0,18.0,-40.92,7.0,14.0,-17.37,4.0,12.0,9.41,2.0,8.0,-42.92,0.0,0.0,-100.0,0.0,-0.0,-100.0,1.0,6.0,126.76,1.0,1.0,171.74,13.0,-30.21,9.0,-20.13,4.0,-45.73,1.0,338.6,3.0,-12.49,1.0,-64.83,1.0,-66.94,1.0,159.07,61.5,-12.99,1.0,-31.79,0.0,-100.0,0.0,-100.0,223.0,-22.29,3.0,-42.64,0.0,-100.0,6.0,-36.33,59.0,-0.0,-20.52,59.0
Will Phillips,4.04,12.12,-60.22,12.39,24.78,46.26,2.14,6.42,-41.47,2.32,9.28,-33.79,1.04,1.04,13.54,0.54,-1.62,-36.55,0.43,2.58,-2.49,0.0,0.0,-100.0,16.43,-11.79,9.29,-17.56,7.64,3.66,0.07,-69.3,2.07,-39.61,2.64,-7.14,0.93,-69.26,0.04,-89.64,80.5,13.9,0.46,-68.62,0.04,-90.34,0.54,4.65,116.57,-59.38,6.36,21.61,1.18,3.06,21.25,125.51,54.61,-10.66,-26.43,54.6
Will Setterfield,13.19,39.57,29.87,12.37,24.74,46.03,5.28,15.84,44.42,7.11,28.44,102.91,1.37,1.37,49.56,0.11,-0.33,-87.07,0.02,0.12,-95.46,0.45,0.45,22.28,25.56,37.22,13.53,20.06,12.92,75.31,0.0,-100.0,5.28,54.03,6.78,138.48,6.53,115.87,0.04,-89.64,68.49,-3.1,3.16,115.55,0.49,18.36,0.55,6.59,407.27,41.92,10.95,109.37,2.63,129.69,24.3,157.88,110.22,15.39,48.48,110.2
Will Snelling,5.0,15.0,-50.77,6.0,12.0,-29.17,5.0,15.0,36.76,10.0,40.0,185.39,1.0,1.0,9.17,0.0,-0.0,-100.0,1.0,6.0,126.76,1.0,1.0,171.74,11.0,-40.95,7.0,-37.88,5.0,-32.16,0.0,-100.0,5.0,45.86,0.0,-100.0,0.0,-100.0,3.0,677.2,90.9,28.61,1.0,-31.79,1.0,141.55,4.0,675.19,140.0,-51.21,3.0,-42.64,1.0,-12.66,0.0,-100.0,90.0,-0.0,21.24,90.0
Willem Drew,10.17,30.51,0.14,8.79,17.58,3.77,2.89,8.67,-20.95,6.98,27.92,99.2,1.36,1.36,48.47,1.03,-3.09,21.03,0.17,1.02,-61.45,0.22,0.22,-40.22,18.97,1.84,10.51,-6.74,9.02,22.39,0.0,-100.0,2.89,-15.69,4.28,50.55,4.12,36.2,0.03,-92.23,71.09,0.58,1.24,-15.42,0.67,61.84,1.0,93.8,295.3,2.9,6.2,18.55,1.43,24.89,17.73,88.16,84.16,5.63,13.37,84.19
Xavier O'Halloran,9.5,28.5,-6.46,7.0,14.0,-17.37,5.0,15.0,36.76,0.5,2.0,-85.73,0.0,0.0,-100.0,0.0,-0.0,-100.0,0.0,0.0,-100.0,0.0,0.0,-100.0,16.5,-11.42,11.0,-2.39,6.0,-18.59,0.0,-100.0,5.0,45.86,1.0,-64.83,3.5,15.7,0.5,29.53,64.8,-8.32,2.0,36.43,0.5,20.77,0.0,-100.0,333.5,16.21,6.0,14.72,1.5,31.0,0.0,-100.0,59.5,-0.0,-19.85,59.5
Xavier O'Neill,4.0,12.0,-60.61,4.0,8.0,-52.78,2.0,6.0,-45.3,3.5,14.0,-0.11,1.0,1.0,9.17,1.0,-3.0,17.51,0.0,0.0,-100.0,0.0,0.0,-100.0,8.0,-57.05,3.5,-68.94,5.0,-32.16,0.5,119.3,1.5,-56.24,0.5,-82.41,2.5,-17.36,0.0,-100.0,93.75,32.64,0.0,-100.0,0.0,-100.0,0.5,-3.1,162.5,-43.37,3.0,-42.64,0.5,-56.33,8.0,-15.1,38.0,-0.0,-48.81,38.0
Zac Bailey,12.25,36.75,20.62,5.13,10.26,-39.44,3.86,11.58,5.58,2.92,11.68,-16.67,0.52,0.52,-43.23,1.82,-5.46,113.87,1.08,6.48,144.9,0.11,0.11,-70.11,17.38,-6.69,11.26,-0.08,7.0,-5.02,0.43,88.6,3.43,0.06,2.8,-1.51,4.35,43.8,0.52,34.72,77.19,9.21,0.95,-35.2,0.54,30.43,0.94,82.17,326.38,13.73,4.7,-10.13,0.66,-42.36,6.3,-33.14,71.93,5.31,-3.1,71.92
Zach Merrett,15.37,46.11,51.34,12.51,25.02,47.68,4.36,13.08,19.26,4.97,19.88,41.84,1.52,1.52,65.94,0.66,-1.98,-22.44,0.62,3.72,40.59,0.62,0.62,68.48,27.88,49.68,18.55,64.61,9.3,26.19,0.08,-64.91,4.27,24.56,4.13,45.27,4.82,59.34,0.43,11.4,70.37,-0.44,1.6,9.14,0.72,73.91,0.69,33.72,433.91,51.2,6.3,20.46,1.58,37.99,22.54,139.2,107.97,-0.67,45.45,107.97
Zach Tuohy,14.83,44.49,46.02,5.24,10.48,-38.14,4.05,12.15,10.78,2.06,8.24,-41.21,0.01,0.01,-98.91,0.11,-0.33,-87.07,0.02,0.12,-95.46,0.06,0.06,-83.7,20.06,7.69,6.2,-44.98,6.7,-9.09,0.04,-82.46,4.01,16.98,1.75,-38.45,0.52,-82.81,0.05,-87.05,50.62,-28.38,6.6,350.2,0.01,-97.58,0.0,-100.0,406.52,41.66,6.64,26.96,0.2,-82.53,0.0,-100.0,75.17,-3.97,1.26,75.22
Zak Butters,14.75,44.25,45.23,13.91,27.82,64.21,4.59,13.77,25.55,4.34,17.36,23.86,1.45,1.45,58.3,1.23,-3.69,44.54,0.56,3.36,26.98,0.56,0.56,52.17,28.66,53.86,17.21,52.72,11.66,58.21,0.04,-82.46,4.54,32.44,5.23,83.96,4.85,60.33,0.2,-48.19,71.01,0.47,1.72,17.33,0.55,32.85,0.47,-8.91,434.21,51.31,8.21,56.98,1.64,43.23,18.48,96.12,104.87,5.27,41.27,104.88
Zak Jones,10.29,30.87,1.32,9.94,19.88,17.34,4.49,13.47,22.81,4.29,17.16,22.43,1.33,1.33,45.2,1.5,-4.5,76.26,0.01,0.06,-97.73,0.28,0.28,-23.91,20.24,8.66,14.8,31.33,5.61,-23.88,0.0,-100.0,4.49,30.98,3.5,23.11,1.33,-56.03,0.17,-55.96,80.61,14.05,0.84,-42.7,0.51,23.19,0.32,-37.98,186.08,-35.16,3.92,-25.05,1.66,44.98,14.25,51.23,78.55,6.34,5.82,78.55
League Average,10.156,,0.0,8.471,,0.0,3.656,,0.0,3.504,,0.0,0.916,,0.0,0.851,,0.0,0.441,,0.0,0.368,,0.0,18.627,0.0,11.269,0.0,7.37,0.0,0.228,0.0,3.428,0.0,2.843,0.0,3.025,0.0,0.386,0.0,70.678,0.0,1.466,0.0,0.414,0.0,0.516,0.0,286.97,0.0,5.23,0.0,1.145,0.0,9.423,0.0,74.232,0.0,0.0,73.77
